:020000040800F2
:1000000000C00020D916000829120008311200088B
:1000100039120008411200084912000800000000CF
:100020000000000000000000000000005112000865
:100030005F120008000000006D1200087B1200082B
:100040002917000829170008291700082917000890
:100050002917000829170008291700088712000827
:100060002917000829170008291700082917000870
:100070002917000829170008291700082917000860
:100080002917000829170008291700082917000850
:1000900029170008291700082917000895120008D9
:1000A0002917000829170008291700082917000830
:1000B00029170008000000000000000029170008B0
:1000C00029170008000000000000000029170008A0
:1000D0000000000029170008A51200080000000019
:1000E0002917000829170008000000000000000080
:1000F0000000000000000000000000000000000000
:1001000000000000000000000000000029170008A7
:10011000000000000000000029170008291700084F
:1001200029170008291700082917000829170008AF
:100130002917000800000000000000000000000077
:10014000291700082917000829170008291700088F
:10015000291700082917000829170008291700087F
:1001600029170008291700082917000800000000B7
:1001700029170008291700080000000000000000EF
:0C0180002917000829170008291700089B
:1001900010B5054C237833B9044B13B10448AFF3C1
:1001A00000800123237010BD6800002000000000C3
:1001B0005093000808B5034B1BB103490348AFF344
:1001C000008008BD000000006C0000205093000873
:1001D000034613F8012B002AFBD1181A0138704787
:1001E00001F0FF01102A2BDB10F0070F08D010F8E8
:1001F000013B013A8B422DD010F0070F42B3F6D1EC
:10020000F0B441EA012141EA014122F007047FF004
:1002100000070023F0E80256083C85EA010586EA5B
:10022000010685FA47F5A3FA87F586FA47F6A5FA97
:1002300087F68EB9EED1F0BC01F0FF0102F00702A3
:1002400032B110F8013B013A83EA010313B1F8D14E
:100250000020704701387047002D06BF354603382F
:10026000073815F0010F07D1013015F4807F02BF68
:10027000013015F4C03F0130F0BC0138704700BFB9
:1002800053B94AB9002908BF00281CBF4FF0FF31FD
:100290004FF0FF3000F088B9ADF1080C6DE904CEE5
:1002A00000F006F8DDF804E0DDE9022304B0704751
:1002B0002DE9F047089D8E4604468846002B4AD11A
:1002C0008A42174662D9B2FA82F64EB1C6F12003CD
:1002D00001FA06F820FA03F3B74043EA0808B440ED
:1002E0004FEA174E1FFA87FCB8FBFEF1230C0EFBFA
:1002F000118843EA084301FB0CF29A4209D9FB1822
:1003000001F1FF3080F0EA809A4240F2E780023942
:100310003B449A1AA3B2B2FBFEF00EFB102243EA52
:10032000024300FB0CFC9C4509D9FB1800F1FF328D
:1003300080F0D6809C4540F2D3803B44023840EAAE
:100340000140A3EB0C0300211DB1F3400022C5E9DD
:100350000032BDE8F0878B4205D90DB1C5E9000137
:1003600000210846F5E7B3FA83F1002946D1734529
:1003700002D3824200F20581841A6EEB030201204F
:100380009046002DE5D0C5E90048E2E7002A00F0DC
:100390009080B2FA82F6002E40F0A4808A1A030CF4
:1003A0004FEA174E80B2BCB20121B2FBFEFC0EFB3D
:1003B0001C2243EA024304FB0CF29A4207D9FB18C1
:1003C0000CF1FF3802D29A4200F2E080C4469B1A38
:1003D000B3FBFEF20EFB123340EA034302FB04F4CC
:1003E0009C4207D9FB1802F1FF3002D29C4200F276
:1003F000CA8002461B1B42EA0C40A5E7C1F1200659
:100400008B4022FA06F71F430EFA01F420FA06F396
:100410002EFA06FE4FEA1749234300FA01F81FFAA5
:1004200087FCBEFBF9F01C0C09FB10EE44EA0E44FD
:1004300000FB0CFEA64502FA01F209D93C1900F1B5
:10044000FF3A80F09C80A64540F2998002383C44F7
:10045000A4EB0E041FFA83FEB4FBF9F309FB13446B
:100460004EEA044403FB0CFCA44508D93C1903F1F3
:10047000FF3E80F08280A4457FD9023B3C4443EAA2
:100480000040A4EB0C04A0FB02EC64457346E1467B
:1004900062D35FD05DB1B8EB030264EB090404FAE8
:1004A00006F622FA01F31E43CC40C5E900640021A0
:1004B0004FE7B1FBF2FC010C41EA0E4180B240EA89
:1004C00001423B4638463C46B846BE462026B1FB74
:1004D000F7F1A2EB080241EA0C4166E7014618E792
:1004E00010462CE7C6F120022EFA02F3B740B140C5
:1004F00020FA02F24FEA174E0A43B3FBFEF8BCB2F1
:100500000EFB1833110C41EA034108FB04F9B0401B
:1005100089454FEA104380B23ED9791808F1FF3C73
:1005200001D289451FD8A1EB0901B1FBFEF909FBF6
:1005300004F80EFB191192B242EA0142424529D257
:10054000BA1809F1FF31C4D24245C2D2A9F1020161
:100550003A44BEE7F0459DD2BEEB02036CEB070CBC
:100560000138E14696E7A7EB09094944A8F1020CD6
:10057000B1FBFEF909FB04F8DBE773467FE7504661
:1005800066E70846FDE63B44023A33E7ACF1020C6D
:100590003B441CE749469CE7A1EB0901C446B1FB7B
:1005A000FEF909FB04F8C4E7704700BF80B58AB0C4
:1005B00000AF07F1140300221A605A609A60DA60F3
:1005C0001A61714BDB6C704A43F00403D3646E4BC9
:1005D000DB6C03F004033B613B696B4BDB6C6A4AE9
:1005E00043F00103D364684BDB6C03F00103FB6051
:1005F000FB68654BDB6C644A43F00203D364624BD7
:10060000DB6C03F00203BB60BB685F4BDB6C5E4AD4
:1006100043F08003D3645C4BDB6C03F080037B60AE
:100620007B6800228121594801F01CFD00224FF413
:1006300000614FF0904001F015FD4FF440437B61A5
:100640000323BB610023FB6107F1140319465048E3
:1006500001F0C4FA4FF4AC737B610023BB61022349
:10066000FB6107F1140319464FF0904001F0B6FA10
:1006700046F220037B610323BB610023FB6107F18A
:10068000140319464FF0904001F0A8FA81237B61D2
:100690000123BB610023FB6100233B6207F11403CC
:1006A00019463A4801F09AFA02237B614FF4881305
:1006B000BB610123FB6107F114031946334801F0C4
:1006C0008DFA4FF400637B610123BB610023FB6162
:1006D00000233B6207F1140319464FF0904001F0EC
:1006E0007DFA4FF480537B610023BB610123FB61E2
:1006F00007F1140319464FF0904001F06FFA0823F8
:100700007B610023BB610123FB6107F114031946E0
:100710001E4801F063FA20237B614FF40413BB6190
:100720000123FB6107F114031946184801F056FA3A
:1007300040237B610023BB610223FB6107F11403AB
:100740001946124801F04AFA08237B610323BB6172
:100750000023FB6107F1140319460E4801F03EFA2D
:1007600000220021072001F069F9072001F092F929
:1007700000220021172001F061F9172001F08AF909
:1007800000BF2837BD4680BD00100240000400486D
:1007900000080048001C004880B500AF1B4B1C4AF5
:1007A0001A601A4B1B4A5A60184B00229A60174B6A
:1007B0000122DA60154B00221A61144B00225A61A3
:1007C000124B00229A61114B0022DA610F4B00227A
:1007D0001A620E4801F08AFC0346002B01D000F09B
:1007E000EDFC0021094802F07FF90346002B01D0FF
:1007F00000F0E4FC0021054802F0DEF90346002B7E
:1008000001D000F0DBFC00BF80BD00BF84000020F1
:1008100000540040B47CB00080B500AF1B4B1C4AB4
:100820001A601A4B1B4A5A60184B00229A60174BE9
:100830000122DA60154B00221A61144B00225A6122
:10084000124B00229A61114B0022DA610F4B0022F9
:100850001A620E4801F04AFC0346002B01D000F05A
:10086000ADFC0021094802F03FF90346002B01D0FE
:1008700000F0A4FC0021054802F09EF90346002B7D
:1008800001D000F09BFC00BF80BD00BFD80000205D
:10089000005C0040B47CB00080B5A2B000AF7860CE
:1008A00007F1740300221A605A609A60DA601A61D4
:1008B00007F1200354220021184607F005FB7B684E
:1008C0001B684F4A93423AD140233B620023FB64AA
:1008D00007F12003184603F053FA0346002B01D01A
:1008E00000F06CFC474BDB6C464A43F00103D364D9
:1008F000444BDB6C03F00103FB61FB694FF4C06305
:100900007B671223BB670023FB670323C7F8803094
:100910000423C7F8843007F1740319464FF0904060
:1009200001F05CF9374B9B6D364A43F40013936535
:10093000344B9B6D03F40013BB61BB695CE07B68C7
:100940001B68314A934257D14FF480733B620023B6
:100950003B6507F12003184603F012FA0346002B0B
:1009600001D000F02BFC274BDB6C264A43F001033F
:10097000D364244BDB6C03F001037B617B69214B67
:10098000DB6C204A43F00203D3641E4BDB6C03F0A4
:1009900002033B613B6980237B671223BB67002313
:1009A000FB670323C7F880300423C7F8843007F1BE
:1009B000740319464FF0904001F010F910237B6743
:1009C0001223BB670023FB670323C7F8803004238F
:1009D000C7F8843007F1740319460C4801F0FEF89B
:1009E000084B9B6D074A43F400039365054B9B6DD1
:1009F00003F40003FB60FB6800BF8837BD4680BD81
:100A00000054004000100240005C00400004004818
:100A100080B586B000AFF8600B467A607B817B8939
:100A20001946F86801F0FEFA0346BB750023FB7512
:100A30007B681B78BA7D9A4216D00A2000F0EAFE45
:100A40007B891946F86801F0EDFA0346BB757B68AF
:100A50001B78BA7D9A4207D07B68BA7D1A70BB7D3D
:100A6000012B01D10123FB75FB7D18461837BD46CC
:100A700080BD80B588B004AF78600A23029302235A
:100A8000019307F10C03009301230C226C21786879
:100A900001F04CFC0346002B0DD13B7B1BB21B022B
:100AA0001AB27B7B1BB213431BB2FB81FB89C3F3DE
:100AB0000B039BB201E04FF4BD6318461037BD46EF
:100AC00080BD000080B584B000AFF860B9607A6086
:100AD0007B689AB24FF0FF33B968044805F062FBB7
:100AE0007B6818461037BD4680BD00BFCC01002092
:100AF00080B584B000AF0346FB8000F07FFEF86055
:100B0000FB88202B1FD1224B1B68FA68D31A022BBB
:100B100019D94FF480514FF0904001F083FA034609
:100B2000002B05D11B4B1B6801331A4A136004E0EC
:100B3000184B1B68013B174A1360154AFB6813608A
:100B4000154B01221A70FB88022B1DD1134B1B6819
:100B5000FA68D31A022B17D90821114801F062FA5A
:100B60000346002B05D10F4B1B6801330D4A136060
:100B700004E00C4B1B68013B0A4A1360074AFB6800
:100B80001360054B01221A7000BF1037BD4680BDAF
:100B9000500100204801002046010020540100209F
:100BA000000400484C01002080B582B000AF78609E
:100BB0007B681B68154A934224D1154B1B780A2B7E
:100BC00003D0144B1B78122B0CD9124B1B781A46EE
:100BD000114B00219954114B01221A700D4B002228
:100BE0001A700AE00B4B1B785A1CD1B2094A1170DB
:100BF0001A46074B1978084B9954012204490848B2
:100C000005F05AFB00BF0837BD4680BD00440040D8
:100C1000610100207801002064010020790100209A
:100C2000CC010020F0B58DB006AF00F07EFD00F0E5
:100C300073FAFFF7BBFCFFF7AFFDFFF7EDFD00F028
:100C4000D5FB00F0A7FC9B4807F030F86423029323
:100C5000022301933B1D009301230C226C21964833
:100C600001F064FB0346002B08D13B791B027A7923
:100C700013431946914806F0B1FF07E08E4801F092
:100C80007DFC386139698E4806F0A8FF6423029321
:100C9000022301933B1D009301230C226C21894800
:100CA00001F044FB0346002B08D13B791B027A7903
:100CB00013431946844806F091FF07E0814801F08C
:100CC0005DFCF860F968814806F088FF804806F00E
:100CD000EDFF40F6B83000F09DFD00217D4803F0A7
:100CE000C3FE04217B4803F0BFFE4FF08043002287
:100CF0005A634FF0804300229A6301227649774875
:100D000005F0DAFA6C48FFF7B4FE03461A46744B56
:100D10001A806C48FFF7ADFE03461A46714B1A80E5
:100D2000714A08214FF09040FFF772FE03461A46C1
:100D30006E4B1A706E4A10214FF09040FFF768FE1C
:100D400003461A466B4B1A706B4A40214FF0904095
:100D5000FFF75EFE03461A46684B1A70684A4FF466
:100D600080714FF09040FFF753FE03461A46654BE3
:100D70001A70654A40216548FFF74AFE03461A4645
:100D8000634B1A704C48FFF774FE03467B814D4855
:100D9000FFF76FFE03463B817B89B3F5BD6F07D13B
:100DA0003B89B3F5BD6F03D15A4B01221A7002E0A3
:100DB000584B00221A704A4B1B887A89D31A9BB26F
:100DC000FB82484B1B883A89D31A9BB2BB82B7F986
:100DD0001630B3F5006F04DDFB8AA3F580539BB298
:100DE000FB82B7F9163013F5006F04DAFB8A03F5BE
:100DF00080539BB2FB82B7F91430B3F5006F04DD6A
:100E0000BB8AA3F580539BB2BB82B7F9143013F5AC
:100E1000006F04DABB8A03F580539BB2BB82304A71
:100E20007B8913802F4A3B891380B7F916203A4BF0
:100E30001B681344384A1360B7F91420374B1B68FA
:100E40001344364A1360344B1B68C82293420CDBB0
:100E5000334B01221A70304B1B68C8229B1A2E4A52
:100E60001360304B01221A7011E0C8235A422A4BFA
:100E70001B689A420BDB2A4BFF221A70264B1B6819
:100E8000C8221344244A1360264B01221A70234BB4
:100E90001B68C822934249DB234B01221A701F4B67
:100EA0001B68C8229B1A1D4A13601E4B01221A7030
:100EB0004EE000BF68930008840000208C93000877
:100EC000B8930008D8000020E09300080C940008B4
:100ED000349400088001002061010020CC01002032
:100EE0003601002038010020310100202C010020B3
:100EF000320100202D010020330100202E010020AE
:100F0000340100202F01002035010020000400489A
:100F100030010020580100203C0100204001002049
:100F2000440100204601002045010020C8235A4208
:100F3000654B1B689A420BDB644BFF221A70624BB5
:100F40001B68C8221344604A1360614B01221A7067
:100F5000604B1B78012B1FD100233B603B461A4698
:100F60005D495E4806F0AAFE0346012B04D13A68AB
:100F70004FF080435A630CE03B461A4658495748A5
:100F800006F09CFE0346012B03D13A684FF08043E4
:100F90009A63504B00221A7000F030FC0246514B0D
:100FA0001B68D31AB3F5FA7F3AD300F027FC034647
:100FB0004C4A1360002280214B4801F053F8002274
:100FC0004FF400614FF0904001F04CF800220121F5
:100FD000454801F047F8454B1B78002B0ED1444B98
:100FE0001B7803F00103DBB2002B0CD001224FF47D
:100FF00000614FF0904001F035F804E001228021BB
:10100000394801F02FF83A4B1B780133DAB2384BEC
:101010001A70374B1B78062B02D9354B00221A70F9
:10102000344B1B78002B14D1334B1B78002B10D181
:10103000324B1B78002B0CD1314B1B78002B08D185
:10104000304B1B78002B04D1214B93F90030012B3E
:1010500035D1284B1B781E46274B1B789C46274BC7
:101060001B789E46264B1B781946264B1B78184644
:10107000254B93F900301C46144B93F900301D4664
:10108000224B1B68224A126805920493039502942E
:10109000019000917346624631461E4806F09EFD5F
:1010A0000B4B00221A70184B00221A70074B0022BB
:1010B0001A70164B00221A60154B00221A600A2083
:1010C00000F0A8FB2CE600BF4001002045010020F5
:1010D0004601002079010020589400086401002096
:1010E000609400085C0100200004004858010020C2
:1010F000600100202C0100202D0100202E01002085
:101100002F01002030010020440100204801002070
:101110004C0100206894000880B596B000AF07F13C
:10112000140344220021184606F0CEFE3B4600225E
:101130001A605A609A60DA601A614FF4007001F028
:10114000AFFD0346002B01D000F038F810237B617F
:101150000123FB6200233B6360237B630223FB6369
:1011600001233B6401237B641023BB640723FB64DE
:1011700002233B6502237B6507F11403184601F047
:10118000F1FD0346002B01D000F018F80F233B605F
:1011900003237B600023BB600023FB6000233B61D3
:1011A0003B460121184602F027FB0346002B01D0E5
:1011B00000F004F800BF5837BD4680BD80B400AFD2
:1011C00072B600BF00BFFDE780B483B000AF7860A7
:1011D000396000BF0C37BD465DF8047B70470000E6
:1011E00080B483B000AF0F4B1B6E0E4A43F0010377
:1011F00013660C4B1B6E03F001037B607B68094B8D
:101200009B6D084A43F080539365064B9B6D03F03A
:1012100080533B603B6800BF0C37BD465DF8047BE4
:10122000704700BF0010024080B400AF00BFFDE770
:1012300080B400AF00BFFDE780B400AF00BFFDE7A2
:1012400080B400AF00BFFDE780B400AF00BFFDE792
:1012500080B400AF00BFBD465DF8047B704780B42A
:1012600000AF00BFBD465DF8047B704780B400AF9F
:1012700000BFBD465DF8047B704780B500AF00F04D
:10128000A9FA00BF80BD80B500AF022000F016FFB4
:1012900000BF80BD80B500AF202000F00FFF00BF71
:1012A00080BD000080B500AF024805F051F800BFD6
:1012B00080BD00BFCC01002080B586B000AFF860D3
:1012C000B9607A6000237B610AE0AFF300800146D9
:1012D000BB685A1CBA60CAB21A707B6901337B6161
:1012E0007A697B689A42F0DB7B6818461837BD46FE
:1012F00080BD80B483B000AF78604FF0FF331846F4
:101300000C37BD465DF8047B704780B483B000AFF6
:10131000786039603B684FF400525A6000231846E9
:101320000C37BD465DF8047B704780B483B000AFD6
:101330007860012318460C37BD465DF8047B704782
:1013400080B485B000AFF860B9607A6000231846B9
:101350001437BD465DF8047B7047000080B586B049
:1013600000AF7860144A154BD31A7B617B693B61EF
:10137000134B1B68002B02D1114B124A1A60104B01
:101380001A687B6813443A699A4207D206F0EAFD6C
:1013900003460C221A604FF0FF3309E0084B1B682C
:1013A000FB60074B1A687B681344054A1360FB68AF
:1013B00018461837BD4680BD00C00020000400005C
:1013C0007C010020A803002080B400AF064BD3F8B6
:1013D0008830054A43F47003C2F8883000BFBD4628
:1013E0005DF8047B704700BF00ED00E080B58EB073
:1013F00000AF07F1280300221A605A609A60DA6091
:1014000007F11C0300221A605A609A603B460022D2
:101410001A605A609A60DA601A615A619A61334BB5
:101420004FF080421A60314B00225A602F4B00224D
:101430009A602E4B4FF0FF32DA602C4B00221A617B
:101440002A4B00229A61294803F040F90346002BF9
:1014500001D0FFF7B3FE4FF48053BB6207F12803BE
:101460001946224803F0FEFD0346002B01D0FFF78A
:10147000A5FE1E4803F00CFA0346002B01D0FFF72F
:101480009DFE0023FB6100237B6207F11C031946CC
:10149000164804F0EFFC0346002B01D0FFF78EFE48
:1014A00060233B6000237B600023BB6000233B6123
:1014B0003B46002219460D4803F0F6FB0346002B7D
:1014C00001D0FFF77BFE3B4604221946074803F094
:1014D000EBFB0346002B01D0FFF770FE034800F042
:1014E00025F800BF3837BD4680BD00BF8001002011
:1014F00080B485B000AF78607B681B68B3F1804F23
:101500000BD1094B9B6D084A43F001039365064BD1
:101510009B6D03F00103FB60FB6800BF1437BD4601
:101520005DF8047B704700BF0010024080B588B0B2
:1015300000AF786007F10C0300221A605A609A60CD
:10154000DA601A617B681B68B3F1804F1CD1104BC5
:10155000DB6C0F4A43F00103D3640D4BDB6C03F0EB
:101560000103BB60BB680323FB6002233B610023D4
:101570007B610023BB610123FB6107F10C0319466A
:101580004FF0904000F02AFB00BF2037BD4680BDE1
:101590000010024080B500AF144B154A1A60134B7F
:1015A0004FF4E1325A60114B00229A600F4B002237
:1015B000DA600E4B00221A610C4B0C225A610B4B65
:1015C00000229A61094B0022DA61084B00221A625C
:1015D000064B00225A62054804F060FD0346002BCA
:1015E00001D0FFF7EBFD00BF80BD00BFCC010020A4
:1015F0000044004080B59EB000AF786007F16403FE
:1016000000221A605A609A60DA601A6107F11003CA
:1016100054220021184606F057FC7B681B682C4AB0
:10162000934250D102233B6100237B6307F11003F7
:10163000184602F0A5FB0346002B01D0FFF7BEFDC4
:10164000244B9B6D234A43F400339365214B9B6DE0
:1016500003F40033FB60FB681E4BDB6C1D4A43F058
:101660000103D3641B4BDB6C03F00103BB60BB685D
:1016700004237B660223BB660023FB6603233B67D0
:1016800007237B6707F1640319464FF0904000F091
:10169000A5FA4FF400437B660223BB660023FB667A
:1016A00003233B6703237B6707F1640319464FF06D
:1016B000904000F093FA00220021262000F0BEF9AD
:1016C000262000F0E7F900BF7837BD4680BD00BF97
:1016D0000044004000100240DFF834D0FFF774FEF1
:1016E0000C480D490D4A002302E0D458C45004337D
:1016F000C4188C42F9D30A4A0A4C002301E0136053
:101700000432A242FBD306F033FCFFF78BFAFEE76C
:1017100000C000200000002068000020A4980008FD
:1017200068000020A4030020FEE780B582B000AF6F
:101730000023FB71032000F061F9002000F00EF897
:101740000346002B02D00123FB7101E0FFF748FDA7
:10175000FB7918460837BD4680BD000080B584B0CF
:1017600000AF78600023FB73174B1B78002B23D04E
:10177000164B1A68144B1B7819464FF47A73B3FB57
:10178000F1F3B2FBF3F3184600F09CF90346002B8B
:101790000FD17B680F2B09D8002279684FF0FF30FA
:1017A00000F04CF90A4A7B68136007E00123FB73E1
:1017B00004E00123FB7301E00123FB73FB7B18466C
:1017C0001037BD4680BD00BF08000020000000208B
:1017D0000400002080B400AF064B1B781A46064B6D
:1017E0001B681344044A136000BFBD465DF8047BC8
:1017F000704700BF080000205402002080B400AFF2
:10180000034B1B681846BD465DF8047B704700BF5C
:101810005402002080B584B000AF7860FFF7EEFF7F
:10182000B8607B68FB60FB68B3F1FF3F05D00A4BF3
:101830001B781A46FB681344FB6000BFFFF7DEFF0E
:101840000246BB68D31AFA689A42F7D800BF00BFB5
:101850001037BD4680BD00BF0800002080B485B0B1
:1018600000AF78607B6803F00703FB600C4BDB681C
:10187000BB60BA684FF6FF031340BB60FB681A02F7
:10188000BB68134343F0BF6343F40033BB60044AB7
:10189000BB68D36000BF1437BD465DF8047B70475A
:1018A00000ED00E080B400AF044BDB681B0A03F0DE
:1018B00007031846BD465DF8047B704700ED00E065
:1018C00080B483B000AF0346FB7197F90730002B5B
:1018D0000BDBFB7903F01F02074997F907305B091F
:1018E000012000FA02F241F8232000BF0C37BD4668
:1018F0005DF8047B704700BF00E100E080B483B076
:1019000000AF03463960FB7197F90730002B0ADB03
:101910003B68DAB20C4997F907301201D2B20B4496
:1019200083F800230AE03B68DAB20849FB7903F048
:101930000F03043B1201D2B20B441A7600BF0C37DE
:10194000BD465DF8047B704700E100E000ED00E07B
:1019500080B489B000AFF860B9607A60FB6803F0CA
:101960000703FB61FB69C3F10703042B28BF0423B2
:10197000BB61FB690433062B02D9FB69033B00E022
:1019800000237B614FF0FF32BB6902FA03F3DA43B5
:10199000BB681A407B699A404FF0FF317B6901FABE
:1019A00003F3D9437B680B40134318462437BD46E5
:1019B0005DF8047B7047000080B582B000AF7860AE
:1019C0007B68013BB3F1807F01D301230FE00A4A1A
:1019D0007B68013B53600F214FF0FF30FFF78EFF14
:1019E000054B00229A60044B07221A600023184618
:1019F0000837BD4680BD00BF10E000E080B582B072
:101A000000AF78607B68072B0FD07B68062B0CD06B
:101A10007B68052B09D07B68042B06D07B68032BE1
:101A200003D0A6210448FFF7CFFB7868FFF716FF25
:101A300000BF0837BD4680BDA494000880B586B0BD
:101A400000AF0346B9607A60FB7300237B617B685B
:101A50000F2B03D9BE210E48FFF7B6FBBB680F2B37
:101A600003D9BF210A48FFF7AFFBFFF71BFF7861DF
:101A70007A68B9687869FFF76BFF024697F90F300B
:101A800011461846FFF73AFF00BF1837BD4680BD24
:101A9000A494000880B582B000AF0346FB7197F9AB
:101AA0000730002B03DAD2210548FFF78DFB97F9A9
:101AB00007301846FFF704FF00BF0837BD4680BD5A
:101AC000A494000880B582B000AF78607868FFF712
:101AD00073FF034618460837BD4680BD80B485B005
:101AE00000AF78600023FB737B6893F82530DBB28E
:101AF000022B08D07B680422DA637B68002283F81B
:101B00002420012322E07B681B681A687B681B681D
:101B100022F00E021A607B681B681A687B681B68DB
:101B200022F001021A607B685B6C03F01C027B6888
:101B30001B6C012101FA02F25A607B68012283F8D2
:101B400025207B68002283F82420FB7B184614376D
:101B5000BD465DF8047B704780B584B000AF786007
:101B60000023FB737B6893F82530DBB2022B05D092
:101B70007B680422DA630123FB7329E07B681B681E
:101B80001A687B681B6822F00E021A607B681B686B
:101B90001A687B681B6822F001021A607B685B6C24
:101BA00003F01C027B681B6C012101FA02F25A60EF
:101BB0007B68012283F825207B68002283F824209B
:101BC0007B689B6B002B03D07B689B6B7868984786
:101BD000FB7B18461037BD4680BD000080B586B03F
:101BE00000AF7860396000237B617B68B3F1904F70
:101BF0000FD07B68344A93420BD07B68334A9342C0
:101C000007D07B68324A934203D0AA213148FFF7BC
:101C1000DBFA3B681B689BB2002B04D03B681B6857
:101C2000B3F5803F03D3AB212A48FFF7CDFA3B68D9
:101C30005B68002B00F0E5813B685B68012B00F0DE
:101C4000E0813B685B68112B00F0DB813B685B68DF
:101C5000022B00F0D6813B685B68122B00F0D1812B
:101C60003B685B68B3F5881F00F0CB813B685B681D
:101C7000B3F5041F00F0C5813B685B68B3F5441FF2
:101C800000F0BF813B685B68B3F5901F00F0B9813D
:101C90003B685B68B3F5081F00F0B3813B685B6885
:101CA000B3F5481F00F0AD813B685B68032B00F083
:101CB000A8813B685B680B2B00F0A381AC21054831
:101CC000FFF782FA9DE100BF0004004800080048C9
:101CD000001C0048E09400083B681A6801217B69F9
:101CE00001FA03F31340FB60FB68002B00F08681D0
:101CF0003B685B6803F00303012B05D03B685B681E
:101D000003F00303022B44D13B68DB68002B0FD0A8
:101D10003B68DB68012B0BD03B68DB68022B07D0EC
:101D20003B68DB68032B03D0BB217C48FFF74CFAF0
:101D30007B689B683B617B695B00032202FA03F3CB
:101D4000DB433A6913403B613B68DA687B695B00BF
:101D500002FA03F33A6913433B617B683A699A607C
:101D60007B685B683B6101227B6902FA03F3DB431A
:101D70003A6913403B613B685B681B0903F0010251
:101D80007B6902FA03F33A6913433B617B683A6962
:101D90005A603B685B6803F00303032B27D03B6862
:101DA0009B68002B0BD03B689B68012B07D03B68DE
:101DB0009B68022B03D0DC215848FFF705FA7B68AB
:101DC000DB683B617B695B00032202FA03F3DB43C0
:101DD0003A6913403B613B689A687B695B0002FA91
:101DE00003F33A6913433B617B683A69DA603B6805
:101DF0005B6803F00303022B3FD17B68B3F1904F84
:101E00000FD07B68464A93420BD07B68454A934289
:101E100007D07B68444A934203D0E8213F48FFF74C
:101E2000D3F93B681B690F2B03D9E9213B48FFF726
:101E3000CBF97B69DA087B68083253F822303B61C2
:101E40007B6903F007039B000F2202FA03F3DB43D5
:101E50003A6913403B613B681A697B6903F00703E9
:101E60009B0002FA03F33A6913433B617B69DA088A
:101E70007B680832396943F822107B681B683B6134
:101E80007B695B00032202FA03F3DB433A691340E8
:101E90003B613B685B6803F003027B695B0002FA0D
:101EA00003F33A6913433B617B683A691A603B6804
:101EB0005B6803F44033002B00F0A0801B4B1B6ECB
:101EC0001A4A43F001031366184B1B6E03F001031B
:101ED000BB60BB68164A7B699B08023352F823300B
:101EE0003B617B6903F003039B000F2202FA03F3BB
:101EF000DB433A6913403B617B68B3F1904F19D0E3
:101F00007B68074A934207D07B68064A934201D117
:101F1000022310E007230EE001230CE0E094000808
:101F20000004004800080048001C0048001002405F
:101F30000000014000237A6902F0030292009340FE
:101F40003A6913433B6135497B699B0802333A691F
:101F500041F82320324B9B683B61FB68DB433A69C5
:101F600013403B613B685B6803F48013002B03D094
:101F70003A69FB6813433B61294A3B699360284BEC
:101F8000DB683B61FB68DB433A6913403B613B68BC
:101F90005B6803F40013002B03D03A69FB6813431A
:101FA0003B611F4A3B69D3601D4B5B683B61FB682B
:101FB000DB433A6913403B613B685B6803F40033E1
:101FC000002B03D03A69FB6813433B61144A3B6919
:101FD0005360134B1B683B61FB68DB433A6913405A
:101FE0003B613B685B6803F48033002B03D03A69A4
:101FF000FB6813433B610A4A3B6913607B69013309
:102000007B613B681A687B6922FA03F3002B7FF43B
:1020100063AE00BF00BF1837BD4680BD0000014061
:102020000004014080B584B000AF78600B467B802F
:102030007B88002B04D14FF4C7710948FFF7C4F81F
:102040007B681A697B881340002B02D00123FB7345
:1020500001E00023FB73FB7B18461037BD4680BDB3
:10206000E094000880B582B000AF78600B467B80BA
:1020700013467B707B88002B04D14FF4D7710E4838
:10208000FFF7A2F87B78002B07D07B78012B04D0D8
:1020900040F2AF110848FFF797F87B78002B03D088
:1020A0007A887B689A6102E07A887B689A6200BFCE
:1020B0000837BD4680BD00BFE094000880B582B0FF
:1020C00000AF0346FB80084B5A69FB881340002B86
:1020D00006D0054AFB885361FB881846FEF708FDC9
:1020E00000BF0837BD4680BD0004014080B582B006
:1020F00000AF78607B68002B01D101230BE17B6886
:102100001B68874A934209D07B681B68854A9342C3
:1021100004D04FF408718448FFF756F87B689B6839
:10212000B3F5806F04D340F221217F48FFF74CF8CC
:102130007B68DB68012B08D07B68DB68022B04D04E
:1021400040F222217848FFF73FF87B681B69002B9B
:1021500009D07B681B69B3F5004F04D040F22321FE
:102160007148FFF731F87B685B69FF2B04D94FF4A6
:1021700009716D48FFF728F87B689B69002B20D018
:102180007B689B69012B1CD07B689B69022B18D054
:102190007B689B69032B14D07B689B69042B10D050
:1021A0007B689B69052B0CD07B689B69062B08D04C
:1021B0007B689B69072B04D040F225215A48FFF722
:1021C00003F87B68DB69002B09D07B68DB69B3F51A
:1021D000002F04D040F226215348FEF7F5FF7B681C
:1021E0001B6A002B09D07B681B6AB3F5003F04D043
:1021F00040F227214C48FEF7E7FF7B6893F8413017
:10220000DBB2002B06D17B68002283F8402078687F
:10221000FEF742FB7B68242283F841207B681B6821
:102220001A687B681B6822F001021A607B685A6892
:102230007B681B6822F070621A617B681B689A6871
:102240007B681B6822F400429A607B68DB68012B84
:1022500007D17B689A687B681B6842F400429A60E9
:1022600006E07B689A687B681B6842F404429A60C7
:102270007B68DB68022B08D17B681B685A687B6827
:102280001B6842F400625A6007E07B681B685A686A
:102290007B681B6822F400625A607B681B685B687D
:1022A0007A68126843F0007343F4004353607B681C
:1022B0001B68DA687B681B6822F40042DA607B687E
:1022C0001A697B685B6942EA03017B689B691A02B1
:1022D0007B681B680A43DA607B68D9697B681A6A85
:1022E0007B681B680A431A607B681B681A687B68F6
:1022F0001B6842F001021A607B6800225A647B6806
:10230000202283F841207B6800221A637B68002228
:1023100083F84220002318460837BD4680BD00BF21
:1023200000540040005C00401C95000880B588B057
:1023300002AFF860084611461A4603467B810B46F9
:102340003B811346FB80FB88012B07D0FB88022BC7
:1023500004D040F66A218648FEF736FFFB6893F802
:102360004130DBB2202B40F0FD803B6A002B02D0D5
:10237000BB8C002B05D1FB684FF400725A6401231B
:10238000F1E0FB6893F84030012B01D10223EAE031
:10239000FB68012283F84020FFF730FA78617B69FF
:1023A0000093192301224FF40041F86800F06AF904
:1023B0000346002B01D00123D5E0FB68222283F8DD
:1023C0004120FB68402283F84220FB6800225A64C7
:1023D000FB683A6A5A62FB68BA8C5A85FB6800222D
:1023E0005A63F8883A8979897B690193BB6A0093BB
:1023F0000346F86800F0CEF80346002B05D0FB68D2
:10240000002283F840200123ADE0FB685B8D9BB286
:10241000FF2B0ED9FB6801221A85FB681B8DDAB2EF
:102420007989544B00934FF08073F86800F0EEFA0E
:102430000FE0FB685B8D9AB2FB681A85FB681B8D09
:10244000DAB279894B4B00934FF00073F86800F0D3
:10245000DDFA7B690093BB6A00220421F86800F072
:1024600011F90346002B01D001237CE0FB681B68B7
:102470005A6AFB685B6AD2B21A70FB685B6A5A1CC4
:10248000FB685A62FB681B8D013B9AB2FB681A8598
:10249000FB685B8D9BB2013B9AB2FB685A85FB6877
:1024A0005B8D9BB2002B34D0FB681B8D002B30D191
:1024B0007B690093BB6A00228021F86800F0E2F893
:1024C0000346002B01D001234DE0FB685B8D9BB2DE
:1024D000FF2B0ED9FB6801221A85FB681B8DDAB22F
:1024E0007989002300934FF08073F86800F08EFA2A
:1024F0000FE0FB685B8D9AB2FB681A85FB681B8D49
:10250000DAB27989002300934FF00073F86800F085
:102510007DFAFB685B8D9BB2002B9AD17A69B96A10
:10252000F86800F04FF90346002B01D001231AE0B0
:10253000FB681B682022DA61FB681B685968FB682E
:102540001A680D4B0B405360FB68202283F8412032
:10255000FB68002283F84220FB68002283F84020B9
:10256000002300E0022318461837BD4680BD00BF97
:102570001C9500080024008000E800FE80B483B0B1
:1025800000AF78607B685B6C18460C37BD465DF821
:10259000047B704780B586B002AFF86008461146EC
:1025A0001A4603467B810B463B811346FB80FB8822
:1025B000DAB27989204B00930023F86800F026FAFC
:1025C000FA69B969F86800F0B6F80346002B01D043
:1025D00001232CE0FB88012B05D13B89DAB2FB6893
:1025E0001B689A6215E03B891B0A9BB2DAB2FB6852
:1025F0001B689A62FA69B969F86800F09CF80346AA
:10260000002B01D0012312E03B89DAB2FB681B6882
:102610009A62FB690093BB6900224021F86800F0D0
:1026200031F80346002B01D0012300E000231846B7
:102630001037BD4680BD00BF0020008080B483B04D
:1026400000AF78607B681B689B6903F00203022B74
:1026500003D17B681B6800229A627B681B689B69B8
:1026600003F00103012B07D07B681B689A697B6824
:102670001B6842F001029A6100BF0C37BD465DF84D
:10268000047B704780B584B000AFF860B9603B60F0
:102690001346FB713BE0BA693968F86800F0D6F878
:1026A0000346002B01D0012341E03B68B3F1FF3F1B
:1026B0002DD0FFF7A3F80246BB69D31A3A689A42B5
:1026C00002D33B68002B22D1FB681B689A69BB6868
:1026D0001340BA689A420CBF01230023DBB21A46AA
:1026E000FB799A4213D1FB685B6C43F02002FB68D4
:1026F0005A64FB68202283F84120FB68002283F89B
:102700004220FB68002283F8402001230FE0FB6891
:102710001B689A69BB681340BA689A420CBF0123D0
:102720000023DBB21A46FB799A42B4D00023184644
:102730001037BD4680BD80B584B000AFF860B96089
:102740007A6033E07A68B968F86800F07FF8034689
:10275000002B01D0012331E0BB68B3F1FF3F25D04E
:10276000FFF74CF802467B68D31ABA689A4202D344
:10277000BB68002B1AD1FB681B689B6903F002033E
:10278000022B13D0FB685B6C43F02002FB685A6499
:10279000FB68202283F84120FB68002283F8422056
:1027A000FB68002283F84020012307E0FB681B68D8
:1027B0009B6903F00203022BC4D100231846103793
:1027C000BD4680BD80B584B000AFF860B9607A6066
:1027D0002FE07A68B968F86800F038F80346002BF3
:1027E00001D001232DE0FFF709F802467B68D31AD8
:1027F000BA689A4202D3BB68002B1AD1FB681B68E7
:102800009B6903F02003202B13D0FB685B6C43F023
:102810002002FB685A64FB68202283F84120FB6891
:10282000002283F84220FB68002283F84020012325
:1028300007E0FB681B689B6903F02003202BC8D1CD
:10284000002318461037BD4680BD000080B58AB011
:1028500000AFF860B9607A60002387F82730FB6822
:102860001B689B69BB6100233B627B68FB61BB69A2
:1028700003F01003002B68D0FB681B681022DA619C
:1028800049E0BB68B3F1FF3F45D0FEF7B7FF024612
:10289000FB69D31ABA689A4202D3BB68002B3AD1BB
:1028A000FB681B685B6803F480437B61FB6893F8FB
:1028B0004230FB74FB681B689B6903F40043B3F56B
:1028C000004F21D17B69B3F5804F1DD0FB7C202BBD
:1028D0001AD0FB681B685A68FB681B6842F4804288
:1028E0005A60FEF78BFFF8610EE0FEF787FF0246A5
:1028F000FB69D31A192B07D93B6A43F020033B62CB
:10290000012387F8273006E0FB681B689B6903F00A
:102910002003202BE9D1FB681B689B6903F020038F
:10292000202B03D097F82730002BAAD097F8273018
:10293000002B03D1FB681B682022DA613B6A43F05D
:1029400004033B62012387F82730FB681B689B69FF
:10295000BB61BB6903F48073002B0BD03B6A43F06F
:1029600001033B62FB681B684FF48072DA6101234C
:1029700087F82730BB6903F48063002B0BD03B6AD8
:1029800043F008033B62FB681B684FF48062DA6126
:10299000012387F82730BB6903F40073002B0BD0A9
:1029A0003B6A43F002033B62FB681B684FF4007212
:1029B000DA61012387F8273097F82730002B1CD0E5
:1029C000F868FFF73BFEFB681B685968FB681A68EC
:1029D0000D4B0B405360FB685A6C3B6A1A43FB6813
:1029E0005A64FB68202283F84120FB68002283F8A8
:1029F0004220FB68002283F8402097F827301846D1
:102A00002837BD4680BD00BF00E800FE80B586B017
:102A100000AFF8607B600B467B8113467B72FB68DE
:102A20001B682A4A934209D0FB681B68284A9342D4
:102A300004D041F6A9412748FEF7C6FB7B68B3F1F5
:102A4000807F0BD07B68B3F1007F07D07B68002BC1
:102A500004D041F6AA411F48FEF7B6FB3B6A1E4A66
:102A600093420FD03B6A1D4A93420BD03B6A1C4AEB
:102A7000934207D03B6A002B04D041F6AB41154886
:102A8000FEF7A2FB7B89C3F309027B7A1B0403F4E4
:102A90007F031A437B681A433B6A134323F00043C6
:102AA0007B61FB681B685A683B6A5B0D03F48061BD
:102AB0000C4B0B43DB4302EA0301FB681B687A699A
:102AC0000A435A6000BF1837BD4680BD005400401D
:102AD000005C00401C95000800400080002400803D
:102AE00000200080FF63FF0380B582B000AF7860F4
:102AF00039607B681B682D4A934208D07B681B684D
:102B00002B4A934203D063212A48FEF75DFB3B68C2
:102B1000002B07D03B68B3F5805F03D064212548C4
:102B2000FEF752FB7B6893F84130DBB2202B38D1A3
:102B30007B6893F84030012B01D1022332E07B689F
:102B4000012283F840207B68242283F841207B689F
:102B50001B681A687B681B6822F001021A607B6898
:102B60001B681A687B681B6822F480521A607B68B5
:102B70001B6819687B681B683A680A431A607B689F
:102B80001B681A687B681B6842F001021A607B6848
:102B9000202283F841207B68002283F84020002314
:102BA00000E0022318460837BD4680BD00540040AF
:102BB000005C00405495000880B584B000AF786098
:102BC00039607B681B682C4A934208D07B681B687D
:102BD0002A4A934203D091212948FEF7F5FA3B682F
:102BE0000F2B03D992212648FEF7EEFA7B6893F863
:102BF0004130DBB2202B39D17B6893F84030012B78
:102C000001D1022333E07B68012283F840207B68F6
:102C1000242283F841207B681B681A687B681B6844
:102C200022F001021A607B681B681B68FB60FB686E
:102C300023F47063FB603B681B02FA681343FB607C
:102C40007B681B68FA681A607B681B681A687B6877
:102C50001B6842F001021A607B68202283F8412041
:102C60007B68002283F84020002300E002231846FE
:102C70001037BD4680BD00BF00540040005C0040DE
:102C80005495000880B400AF044B1B6803F4C06384
:102C90001846BD465DF8047B704700BF00700040D9
:102CA00080B584B000AF78607B68B3F5007F07D053
:102CB0007B68B3F5806F03D0A7212648FEF784FA1E
:102CC0007B68B3F5007F30D1234B1B6803F4C063EE
:102CD000B3F5007F38D0204B1B6823F4C0631E4A35
:102CE00043F4007313601D4B1B68322202FB03F395
:102CF0001B4AA2FB03239B0C0133FB6002E0FB6831
:102D0000013BFB60144B5B6903F48063B3F5806F98
:102D100002D1FB68002BF2D10F4B5B6903F4806397
:102D2000B3F5806F10D103230FE00B4B1B6803F446
:102D3000C063B3F5806F07D0074B1B6823F4C063F3
:102D4000054A43F480631360002318461037BD46DC
:102D500080BD00BF9095000800700040000000207A
:102D600083DE1B4380B588B000AF78607B68002BA2
:102D700002D1012300F038BD7B681B68002B08D00E
:102D80007B681B683F2B04D94FF4D1719B48FEF739
:102D90001BFA9B4B9B6803F00C03BB61984BDB68F1
:102DA00003F003037B617B681B6803F01003002BB7
:102DB00000F03F817B689B69002B08D07B689B6992
:102DC000012B04D040F2AB118C48FEF7FDF97B6873
:102DD000DB69FF2B04D94FF4D6718848FEF7F4F96C
:102DE0007B681B6A002B30D07B681B6A102B2CD0B1
:102DF0007B681B6A202B28D07B681B6A302B24D071
:102E00007B681B6A402B20D07B681B6A502B1CD030
:102E10007B681B6A602B18D07B681B6A702B14D0F0
:102E20007B681B6A802B10D07B681B6A902B0CD0B0
:102E30007B681B6AA02B08D07B681B6AB02B04D070
:102E400040F2AD116D48FEF7BFF9BB69002B07D00A
:102E5000BB690C2B40F08F807B69012B40F08B808D
:102E6000674B1B6803F00203002B06D07B689B694D
:102E7000002B02D1012300F0B7BC7B681A6A604BBB
:102E80001B6803F00803002B04D05D4B1B6803F0A4
:102E9000F00305E05A4BD3F894301B0903F0F0031C
:102EA000934224D27B681B6A184600F009FF034650
:102EB000002B02D0012300F097BC514B1B68504AF5
:102EC00043F0080313604E4B1B6823F0F0027B684D
:102ED0001B6A4B4913430B60494B5B6823F47F42E9
:102EE0007B68DB691B02464913434B6026E0444B79
:102EF0001B68434A43F008031360414B1B6823F0EF
:102F0000F0027B681B6A3E4913430B603C4B5B68D5
:102F100023F47F427B68DB691B02394913434B6012
:102F2000BB69002B0AD17B681B6A184600F0C8FEFB
:102F30000346002B02D0012300F056BC00F0FCFD3C
:102F400002462F4B9B681B0903F00F032D49CB5CF6
:102F500003F01F0322FA03F32B4A13602B4B1B6869
:102F60001846FEF7FBFB0346FB73FB7B002B5FD091
:102F7000FB7B00F039BC7B689B69002B33D0204B76
:102F80001B681F4A43F001031360FEF737FC3861EA
:102F900009E0FEF733FC02463B69D31A022B02D943
:102FA000032300F021BC164B1B6803F00203002B27
:102FB000EFD0134B1B68124A43F008031360104B09
:102FC0001B6823F0F0027B681B6A0D4913430B60FA
:102FD0000B4B5B6823F47F427B68DB691B0208496B
:102FE00013434B6025E0064B1B68054A23F00103A1
:102FF0001360FEF703FC386113E000BFCC950008B6
:1030000000100240FC960008000000200400002090
:10301000FEF7F4FB02463B69D31A022B01D90323C6
:10302000E2E3974B1B6803F00203002BF0D100E0B2
:1030300000BF7B681B6803F00103002B7ED07B6818
:103040005B68002B0ED07B685B68B3F5803F09D0CE
:103050007B685B68B3F5A02F04D040F21921894842
:10306000FEF7B2F8BB69082B05D0BB690C2B0ED15B
:103070007B69032B0BD1824B1B6803F40033002BBD
:103080005BD07B685B68002B57D10123ACE37B6886
:103090005B68B3F5803F06D1794B1B68784A43F4EF
:1030A000803313601DE07B685B68B3F5A02F0CD103
:1030B000734B1B68724A43F480231360704B1B6888
:1030C0006F4A43F4803313600BE06D4B1B686C4A0E
:1030D00023F4803313606A4B1B68694A23F480230E
:1030E00013607B685B68002B13D0FEF787FB3861A9
:1030F00008E0FEF783FB02463B69D31A642B01D933
:10310000032371E35E4B1B6803F40033002BF0D004
:1031100014E0FEF773FB386108E0FEF76FFB024630
:103120003B69D31A642B01D903235DE3544B1B681D
:1031300003F40033002BF0D100E000BF7B681B6874
:1031400003F00203002B77D07B68DB68002B09D0EB
:103150007B68DB68B3F5807F04D04FF41371494876
:10316000FEF732F87B681B691F2B04D940F24D2112
:103170004448FEF729F8BB69042B05D0BB690C2B2A
:1031800019D17B69022B16D13D4B1B6803F4806378
:10319000002B05D07B68DB68002B01D1012323E3E2
:1031A000374B5B6823F0F8527B681B691B06344978
:1031B00013434B6040E07B68DB68002B23D0304B2F
:1031C0001B682F4A43F480731360FEF717FB3861C6
:1031D00008E0FEF713FB02463B69D31A022B01D924
:1031E000032301E3264B1B6803F48063002BF0D01C
:1031F000234B5B6823F0F8527B681B691B06204950
:1032000013434B6018E01E4B1B681D4A23F4807368
:103210001360FEF7F3FA386108E0FEF7EFFA0246B2
:103220003B69D31A022B01D90323DDE2144B1B683F
:1032300003F48063002BF0D17B681B6803F0080364
:10324000002B4ED07B685B69002B08D07B685B69E4
:10325000012B04D040F28D210A48FDF7B5FF7B68B1
:103260005B69002B21D0064BD3F89430044A43F01D
:103270000103C2F89430FEF7C1FA38610DE000BFD7
:1032800000100240CC950008FEF7B8FA02463B69F0
:10329000D31A022B01D90323A6E2934BD3F894301F
:1032A00003F00203002BEFD01BE08F4BD3F89430D8
:1032B0008D4A23F00103C2F89430FEF79FFA38617B
:1032C00008E0FEF79BFA02463B69D31A022B01D9AC
:1032D000032389E2844BD3F8943003F00203002BDC
:1032E000EFD17B681B6803F00403002B00F0B28071
:1032F0000023FB777B689B68002B0CD07B689B6866
:10330000012B08D07B689B68052B04D04FF43871E3
:103310007648FDF759FF744B9B6D03F08053002BEB
:103320000DD1714B9B6D704A43F0805393656E4B8A
:103330009B6D03F08053BB60BB680123FB776C4B34
:103340001B6803F48073002B18D1694B1B68684A13
:1033500043F480731360FEF751FA386108E0FEF71A
:103360004DFA02463B69D31A022B01D903233BE2F3
:103370005F4B1B6803F48073002BF0D07B689B6865
:10338000012B08D1584BD3F89030574A43F0010332
:10339000C2F8903024E07B689B68052B10D1524B1B
:1033A000D3F89030504A43F00403C2F890304E4BAB
:1033B000D3F890304C4A43F00103C2F890300FE04C
:1033C000494BD3F89030484A23F00103C2F89030BB
:1033D000454BD3F89030444A23F00403C2F89030B0
:1033E0007B689B68002B16D0FEF708FA38610AE06C
:1033F000FEF704FA02463B69D31A41F2883293423F
:1034000001D90323F0E1384BD3F8903003F00203E5
:10341000002BEDD015E0FEF7F1F938610AE0FEF778
:10342000EDF902463B69D31A41F28832934201D941
:103430000323D9E12C4BD3F8903003F00203002B87
:10344000EDD1FB7F012B05D1274B9B6D264A23F045
:10345000805393657B681B6803F02003002B50D0DA
:103460007B685B6A002B08D07B685B6A012B04D009
:1034700040F245311D48FDF7A7FE7B685B6A002BD3
:103480001CD0194BD3F89830174A43F00103C2F807
:103490009830FEF7B3F9386108E0FEF7AFF902465D
:1034A0003B69D31A022B01D903239DE10E4BD3F8BC
:1034B000983003F00203002BEFD022E00A4BD3F840
:1034C0009830094A23F00103C2F89830FEF796F9C4
:1034D00038610FE0FEF792F902463B69D31A022BDE
:1034E00008D9032380E100BF00100240CC950008FA
:1034F00000700040934BD3F8983003F00203002B88
:10350000E8D17B689B6A002B0CD07B689B6A012BFF
:1035100008D07B689B6A022B04D040F26E318A4847
:10352000FDF752FE7B689B6A002B00F05C817B6894
:103530009B6A022B40F032817B68DB6A002B10D043
:103540007B68DB6A012B0CD07B68DB6A022B08D01E
:103550007B68DB6A032B04D040F276317A48FDF7B2
:1035600033FE7B681B6B002B03D07B681B6B082B27
:1035700004D940F277317448FDF726FE7B685B6B17
:10358000072B03D97B685B6B562B04D94FF45E7114
:103590006D48FDF719FE7B689B6B012B03D97B6897
:1035A0009B6B1F2B04D940F27A316748FDF70CFE64
:1035B0007B68DB6B022B10D07B68DB6B042B0CD0A1
:1035C0007B68DB6B062B08D07B68DB6B082B04D099
:1035D0004FF45F715C48FDF7F7FD7B681B6C022BB5
:1035E00010D07B681B6C042B0CD07B681B6C062BEB
:1035F00008D07B681B6C082B04D040F27D31524808
:10360000FDF7E2FD4F4BDB687B617B6903F0030252
:103610007B68DB6A9A422CD17B6903F070027B687D
:103620001B6B013B1B019A4223D17B6903F4FE42D1
:103630007B685B6B1B029A421BD17B6903F078426B
:103640007B689B6BDB069A4213D17B6903F4C00253
:103650007B68DB6B5B08013B5B059A4209D17B69A8
:1036600003F0C0627B681B6C5B08013B5B069A42FF
:103670006ED0BB690C2B62D0324B1B6803F08063A9
:10368000002B01D00123AFE02E4B1B682D4A23F005
:1036900080731360FEF7B2F8386108E0FEF7AEF809
:1036A00002463B69D31A022B01D903239CE0254B28
:1036B0001B6803F00073002BF0D1224BDA68234B18
:1036C00013407A68D16A7A68126B013A1201114389
:1036D0007A68526B120211437A68D26B5208013A2F
:1036E000520511437A68126C5208013A520611438E
:1036F0007A68926BD2060A4312491343CB60114B8E
:103700001B68104A43F0807313600E4BDB680D4A50
:1037100043F08073D360FEF771F8386108E0FEF77C
:103720006DF802463B69D31A022B01D903235BE0F3
:10373000044B1B6803F00073002BF0D053E001230F
:1037400052E000BF00100240CC9500088C809D0123
:10375000274B1B6803F00073002B44D1244B1B68DC
:10376000234A43F080731360214BDB68204A43F007
:103770008073D360FEF742F8386108E0FEF73EF848
:1037800002463B69D31A022B01D903232CE0184BC4
:103790001B6803F00073002BF0D024E0BB690C2BF6
:1037A0001FD0134B1B68124A23F080731360FEF77F
:1037B00025F8386108E0FEF721F802463B69D31A84
:1037C000022B01D903230FE0094B1B6803F00073A0
:1037D000002BF0D1064BDA680549064B1340CB604D
:1037E00001E0012300E0002318462037BD4680BDDC
:1037F00000100240FCFFEEFE80B584B000AF7860A0
:1038000039607B68002B01D1012386E17B681B684E
:10381000002B03D07B681B680F2B04D940F2594161
:103820008248FDF7D1FC3B68002B10D03B68012B90
:103830000DD03B68022B0AD03B68032B07D03B68B6
:10384000042B04D040F25A417848FDF7BDFC784B78
:103850001B6803F007033A689A4210D9744B1B683F
:1038600023F0070272493B6813430B60704B1B68DF
:1038700003F007033A689A4201D001234DE17B68C7
:103880001B6803F00203002B39D07B689B68002B78
:1038900024D07B689B68802B20D07B689B68902B12
:1038A0001CD07B689B68A02B18D07B689B68B02BD2
:1038B00014D07B689B68C02B10D07B689B68D02B92
:1038C0000CD07B689B68E02B08D07B689B68F02B52
:1038D00004D040F272415548FDF776FC7B689A6847
:1038E000544B9B6803F0F0039A4208D9514B9B68F4
:1038F00023F0F0027B689B684E4913438B607B6822
:103900001B6803F00103002B61D07B685B68002B10
:1039100010D07B685B68012B0CD07B685B68022B46
:1039200008D07B685B68032B04D040F27D413F48A0
:10393000FDF74AFC7B685B68032B07D13D4B1B6896
:1039400003F00073002B21D10123E6E07B685B6864
:10395000022B07D1374B1B6803F40033002B15D122
:103960000123DAE07B685B68002B07D1314B1B68D1
:1039700003F00203002B09D10123CEE02D4B1B687D
:1039800003F48063002B01D10123C6E0294B9B681F
:1039900023F003027B685B68264913438B60FDF7C5
:1039A0002DFFF8600AE0FDF729FF0246FB68D31AF5
:1039B00041F28832934201D90323AEE01D4B9B684C
:1039C00003F00C027B685B689B009A42EBD17B683A
:1039D0001B6803F00203002B10D07B689A68154B1C
:1039E0009B6803F0F0039A4208D2124B9B6823F0C5
:1039F000F0027B689B680F4913438B600C4B1B687C
:103A000003F007033A689A4216D2094B1B6823F069
:103A1000070207493B6813430B60054B1B6803F023
:103A200007033A689A4207D0012376E0CC95000854
:103A300000200240001002407B681B6803F0040372
:103A4000002B25D07B68DB68002B18D07B68DB68F7
:103A5000B3F5806F13D07B68DB68B3F5A06F0ED031
:103A60007B68DB68B3F5C06F09D07B68DB68B3F5B2
:103A7000E06F04D040F2F5412A48FDF7A5FB2A4B40
:103A80009B6823F4E0627B68DB68274913438B6003
:103A90007B681B6803F00803002B26D07B681B693A
:103AA000002B18D07B681B69B3F5806F13D07B683F
:103AB0001B69B3F5A06F0ED07B681B69B3F5C06FAF
:103AC00009D07B681B69B3F5E06F04D040F2FC417C
:103AD0001448FDF779FB144B9B6823F460527B6814
:103AE0001B69DB00104913438B6000F025F8024688
:103AF0000D4B9B681B0903F00F030C49CB5C03F0D3
:103B00001F0322FA03F30A4A13600A4B1B68184684
:103B1000FDF724FE0346FB72FB7A18461037BD46BC
:103B200080BD00BFCC95000800100240FC96000844
:103B3000000000200400002080B489B000AF002302
:103B4000FB610023BB613E4B9B6803F00C033B61B0
:103B50003B4BDB6803F00303FB603B69002B05D0A4
:103B60003B690C2B21D1FB68012B1ED1344B1B6808
:103B700003F00803002B07D1314BD3F894301B0A14
:103B800003F00F03FB6105E02D4B1B681B0903F0DD
:103B90000F03FB612B4AFB6952F82330FB613B6941
:103BA000002B0DD1FB69BB610AE03B69042B02D1FC
:103BB000254BBB6104E03B69082B01D1234BBB6162
:103BC0003B690C2B34D11E4BDB6803F00303BB6055
:103BD000BB68022B03D0BB68032B03D005E01A4B54
:103BE0007B6105E0194B7B6102E0FB697B6100BFF3
:103BF000134BDB681B0903F0070301337B60104B99
:103C0000DB681B0A03F07F037A6903FB02F27B681F
:103C1000B2FBF3F37B610A4BDB685B0E03F003033B
:103C200001335B003B607A693B68B2FBF3F3BB6135
:103C3000BB6918462437BD465DF8047B704700BF5A
:103C400000100240149700080024F40000127A00CB
:103C500080B400AF034B1B681846BD465DF8047B7B
:103C6000704700BF0000002080B500AFFFF7F0FFF5
:103C70000246064B9B681B0A03F007030449CB5C12
:103C800003F01F0322FA03F3184680BD0010024020
:103C90000C97000880B500AFFFF7DAFF0246064B2D
:103CA0009B68DB0A03F007030449CB5C03F01F03A6
:103CB00022FA03F3184680BD001002400C9700085A
:103CC00080B586B000AF786000233B612A4B9B6DC6
:103CD00003F08053002B03D0FEF7D4FF786114E08B
:103CE000254B9B6D244A43F080539365224B9B6D7B
:103CF00003F08053FB60FB68FEF7C4FF78611E4B46
:103D00009B6D1D4A23F0805393657B69B3F5007F5B
:103D10000BD17B68802B19D97B68A02B02D9022399
:103D20003B6113E001233B6110E07B68802B02D9EB
:103D300003233B610AE07B68802B02D102233B61B5
:103D400004E07B68702B01D101233B610B4B1B68A6
:103D500023F0070209493B6913430B60074B1B68BB
:103D600003F007033A699A4201D0012300E00023DF
:103D700018461837BD4680BD0010024000200240A2
:103D800080B586B000AF78600023FB740023BB745D
:103D90007B681A68824B1340002B05D07B681A6839
:103DA000804B1340002B03D0C9217F48FDF70CFA4C
:103DB0007B681B6803F40063002B43D07B68DB6BDC
:103DC000002B0DD07B68DB6BB3F5000F08D07B6850
:103DD000DB6BB3F5400F03D0D1217348FDF7F4F945
:103DE0007B68DB6BB3F5400F1AD0B3F5400F14D8E6
:103DF000002B09D0B3F5000F0FD16C4BDB686B4A79
:103E000043F48033D3600CE07B6804330021184610
:103E100000F0DCFA0346FB7403E00123FB7400E0CE
:103E200000BFFB7C002B0BD1604BD3F8883023F410
:103E300040027B68DB6B5D491343C1F8883001E0C9
:103E4000FB7CBB747B681B6803F40033002B00F021
:103E5000BC8000237B747B681B6D002B13D07B68B8
:103E60001B6DB3F5807F0ED07B681B6DB3F5007FB3
:103E700009D07B681B6DB3F5407F04D04FF4A2716D
:103E80004948FDF7A1F9494B9B6D03F08053002B86
:103E900001D1012300E00023002B0DD0434B9B6D8B
:103EA000424A43F080539365404B9B6D03F080532F
:103EB000BB60BB6801237B743D4B1B683C4A43F4E9
:103EC00080731360FDF79AFCF86009E0FDF796FC3B
:103ED0000246FB68D31A022B02D90323FB7405E0C8
:103EE000334B1B6803F48073002BEFD0FB7C002B5B
:103EF00060D12E4BD3F8903003F440737B617B6923
:103F0000002B1ED07B681B6D7A699A4219D0274B13
:103F1000D3F8903023F440737B61244BD3F8903076
:103F2000224A43F48033C2F89030204BD3F89030CB
:103F30001E4A23F48033C2F890301C4A7B69C2F8D1
:103F400090307B6903F00103002B16D0FDF756FC7F
:103F5000F8600BE0FDF752FC0246FB68D31A41F211
:103F60008832934202D90323FB7406E00F4BD3F847
:103F7000903003F00203002BECD0FB7C002B0BD124
:103F80000A4BD3F8903023F440727B681B6D0749CD
:103F90001343C1F890300FE0FB7CBB740CE000BF12
:103FA00063EF06009C10F9FF049600080010024021
:103FB00000700040FB7CBB747B7C012B05D19D4BCA
:103FC0009B6D9C4A23F0805393657B681B6803F0CC
:103FD0000103002B1FD07B681B6A002B10D07B686D
:103FE0001B6A012B0CD07B681B6A032B08D07B68F3
:103FF0001B6A022B04D040F299118F48FDF7E4F8B8
:104000008C4BD3F8883023F003027B681B6A894904
:104010001343C1F888307B681B6803F00203002B50
:104020001FD07B685B6A002B10D07B685B6A042B17
:104030000CD07B685B6A0C2B08D07B685B6A082B12
:1040400004D040F2A3117C48FDF7BEF8794BD3F8B9
:10405000883023F00C027B685B6A76491343C1F811
:1040600088307B681B6803F02003002B22D07B681C
:104070009B6A002B13D07B689B6AB3F5806F0ED0D0
:104080007B689B6AB3F5406F09D07B689B6AB3F588
:10409000006F04D040F2D7116748FDF795F8654BE3
:1040A000D3F8883023F440627B689B6A61491343EC
:1040B000C1F888307B681B6803F40073002B22D0A2
:1040C0007B685B6B002B13D07B685B6BB3F5802F39
:1040D0000ED07B685B6BB3F5002F09D07B685B6B00
:1040E000B3F5402F04D04FF4F0715348FDF76CF84E
:1040F000504BD3F8883023F440227B685B6B4D49EA
:104100001343C1F888307B681B6803F48063002B7D
:1041100022D07B689B6B002B13D07B689B6BB3F525
:10412000801F0ED07B689B6BB3F5001F09D07B68A6
:104130009B6BB3F5401F04D040F2E7113E48FDF7FA
:1041400043F83C4BD3F8883023F440127B689B6BD8
:1041500038491343C1F888307B681B6803F040037B
:10416000002B1DD07B68DB6A002B0ED07B68DB6ADE
:10417000B3F5805F09D07B68DB6AB3F5005F04D0DC
:1041800040F2EF112C48FDF71FF82A4BD3F8883086
:1041900023F440527B68DB6A26491343C1F8883018
:1041A0007B681B6803F48073002B1DD07B681B6B3E
:1041B000002B0ED07B681B6BB3F5803F09D07B686A
:1041C0001B6BB3F5003F04D040F207211A48FCF7FF
:1041D000FBFF184BD3F8883023F440327B681B6B0D
:1041E00014491343C1F888307B681B6803F40053FB
:1041F000002B46D07B681B6C002B13D07B681B6C9C
:10420000B3F1806F0ED07B681B6CB3F1006F09D0E7
:104210007B681B6CB3F1406F04D04FF40871064803
:10422000FCF7D2FF034BD3F8883023F040627B6861
:1042300004E000BF00100240049600081B6C6149B6
:104240001343C1F888307B681B6CB3F1006F06D153
:104250005C4BDB685B4A43F48013D36011E07B68FE
:104260001B6CB3F1806F0CD17B68043301211846BD
:1042700000F0ACF80346FB74FB7C002B01D0FB7C08
:10428000BB747B681B6803F48023002B40D07B68E1
:104290005B6C002B13D07B685B6CB3F1806F0ED02E
:1042A0007B685B6CB3F1006F09D07B685B6CB3F12A
:1042B000406F04D040F266214348FCF785FF414B34
:1042C000D3F8883023F040627B685B6C3D49134330
:1042D000C1F888307B685B6CB3F1006F06D1394B55
:1042E000DB68384A43F48013D36011E07B685B6C71
:1042F000B3F1806F0CD17B6804330121184600F0C4
:1043000065F80346FB74FB7C002B01D0FB7CBB747F
:104310007B681B6803F48043002B2FD07B689B6C69
:10432000002B0ED07B689B6CB3F1805F09D07B685B
:104330009B6CB3F1405F04D040F286212248FCF729
:1043400043FF204BD3F8883023F040527B689B6CAE
:104350001C491343C1F888307B689B6CB3F1805FC4
:104360000CD17B6804330221184600F02FF8034675
:10437000FB74FB7C002B01D0FB7CBB747B681B684F
:1043800003F40043002B18D07B68DB6C002B09D0B2
:104390007B68DB6CB3F1804F04D040F2B6210A4851
:1043A000FCF712FF074BD3F8883023F080427B687C
:1043B000DB6C04491343C1F88830BB7C18461837BE
:1043C000BD4680BD001002400496000880B584B050
:1043D00000AF786039600023FB737B681B68002B9B
:1043E00010D07B681B68012B0CD07B681B68022BEC
:1043F00008D07B681B68032B04D040F662318748E5
:10440000FCF7E2FE7B685B68002B03D07B685B688F
:10441000082B04D940F663318048FCF7D5FE7B6851
:104420009B68072B03D97B689B68562B04D940F601
:1044300064317A48FCF7C8FE7B689B6903F48033DB
:10444000002B0BD17B689B6903F48013002B05D1F3
:104450007B689B6903F08073002B07D07B689B69A6
:1044600023F0887323F48033002B04D040F66531A9
:104470006A48FCF7A9FE6A4BDB6803F00303002BD4
:1044800018D0674BDB6803F003027B681B689A4215
:104490000DD17B681B68002B09D0614BDB681B09C1
:1044A00003F007035A1C7B685B689A4247D00123DC
:1044B000FB7344E07B681B68032B18D0032B25D8C3
:1044C000012B02D0022B09D020E0554B1B6803F0D2
:1044D0000203002B1DD10123FB731AE0504B1B6814
:1044E00003F48063002B16D10123FB7313E04C4BC4
:1044F0001B6803F40033002B0FD1494B1B6803F4F6
:104500008023002B09D10123FB7306E00123FB73F9
:1045100004E000BF02E000BF00E000BFFB7B002B17
:104520000DD13F4BDB6823F073027B6819687B6811
:104530005B68013B1B010B4339491343CB60FB7B99
:10454000002B40F0BA80364B1B68354A23F080635D
:104550001360FDF753F9B86009E0FDF74FF9024623
:10456000BB68D31A022B02D90323FB7305E02C4B43
:104570001B6803F00063002BEFD1FB7B002B40F0A6
:104580009C803B68002B1DD17B68DB68012B03D925
:104590007B68DB681F2B04D940F6B8311F48FCF755
:1045A00013FE1F4B1B6923F0784323F4FE437A6804
:1045B000926811027A68D268D2060A4318491343F6
:1045C0000B6156E03B68012B2CD17B681B69022BE9
:1045D00010D07B681B69042B0CD07B681B69062BF1
:1045E00008D07B681B69082B04D040F6DC310B48EF
:1045F000FCF7EAFD0A4B1B6923F4C00323F4FE43D6
:104600007A68926811027A6812695208013A520572
:104610000A43034913430B612BE000BF04960008D3
:10462000001002407B685B69022B10D07B685B69DD
:10463000042B0CD07B685B69062B08D07B685B6918
:10464000082B04D040F6EE311E48FCF7BDFD1E4B92
:104650001B6923F0C06323F4FE437A689268110259
:104660007A6852695208013A52060A4316491343BE
:104670000B61154B1B68144A43F080631360FDF710
:10468000BDF8B86009E0FDF7B9F80246BB68D31A77
:10469000022B02D90323FB7305E00B4B1B6803F0CD
:1046A0000063002BEFD0FB7B002B06D1064B1A6971
:1046B0007B689B69044913430B61FB7B18461037E9
:1046C000BD4680BD049600080010024080B582B04F
:1046D00000AF78607B68002B01D10123C8E07B68C4
:1046E0001B68654A93421DD07B681B68B3F1804FFD
:1046F00018D07B681B68614A934213D07B681B68A3
:104700005F4A93420ED07B681B685E4A934209D091
:104710007B681B685C4A934204D04FF48B715B4802
:10472000FCF752FD7B689B68002B14D07B689B686C
:10473000102B10D07B689B68202B0CD07B689B686B
:10474000402B08D07B689B68602B04D040F2171187
:104750004E48FCF739FD7B681B69002B0ED07B6847
:104760001B69B3F5807F09D07B681B69B3F5007FB7
:1047700004D04FF48C714548FCF726FD7B681B681C
:10478000B3F1804F0FD07B68DB68002B06D07B68CD
:10479000DB68B3F5803F01D2012300E0002303F082
:1047A0000103DBB206E07B68DB68002B14BF01234A
:1047B0000023DBB2002B04D140F219113348FCF77F
:1047C00003FD7B689B69002B08D07B689B69802B6D
:1047D00004D04FF48D712D48FCF7F6FC7B6893F8FC
:1047E0003D30DBB2002B06D17B68002283F83C20F1
:1047F0007868FCF77DFE7B68022283F83D207B68A9
:104800001A687B6804331946104600F0C7FE7B68BF
:10481000012283F848207B68012283F83E207B68D0
:10482000012283F83F207B68012283F840207B68C7
:10483000012283F841207B68012283F842207B68B3
:10484000012283F843207B68012283F844207B689F
:10485000012283F845207B68012283F846207B688B
:10486000012283F847207B68012283F83D20002342
:1048700018460837BD4680BD002C0140001000409E
:1048800000140040004001400044014040960008F0
:1048900080B582B000AF78607B68002B01D1012326
:1048A000C8E07B681B68654A93421DD07B681B6823
:1048B000B3F1804F18D07B681B68614A934213D0D4
:1048C0007B681B685F4A93420ED07B681B685E4A18
:1048D000934209D07B681B685C4A934204D040F243
:1048E00033515B48FCF770FC7B689B68002B14D04D
:1048F0007B689B68102B10D07B689B68202B0CD0AA
:104900007B689B68402B08D07B689B68602B04D039
:1049100040F234514E48FCF757FC7B681B69002B72
:104920000ED07B681B69B3F5807F09D07B681B695B
:10493000B3F5007F04D040F235514548FCF744FC04
:104940007B681B68B3F1804F0FD07B68DB68002B5E
:1049500006D07B68DB68B3F5803F01D2012300E01D
:10496000002303F00103DBB206E07B68DB68002B69
:1049700014BF01230023DBB2002B04D140F23651D7
:104980003348FCF721FC7B689B69002B08D07B68CF
:104990009B69802B04D040F237512D48FCF714FC62
:1049A0007B6893F83D30DBB2002B06D17B68002298
:1049B00083F83C20786800F04DF87B68022283F889
:1049C0003D207B681A687B6804331946104600F066
:1049D000E5FD7B68012283F848207B68012283F88B
:1049E0003E207B68012283F83F207B68012283F808
:1049F00040207B68012283F841207B68012283F8F4
:104A000042207B68012283F843207B68012283F8DF
:104A100044207B68012283F845207B68012283F8CB
:104A200046207B68012283F847207B68012283F8B7
:104A30003D20002318460837BD4680BD002C0140AC
:104A400000100040001400400040014000440140BC
:104A50004096000880B483B000AF786000BF0C3788
:104A6000BD465DF8047B704780B584B000AF7860C8
:104A700039607B681B68874A934211D13B68002BE1
:104A800037D03B68042B34D03B68082B31D03B68CF
:104A90000C2B2ED03B68102B2BD03B68142B28D02E
:104AA0007B681B68B3F1804F0BD13B68002B20D093
:104AB0003B68042B1DD03B68082B1AD03B680C2B9D
:104AC00017D07B681B68744A934205D13B68002B62
:104AD0000FD03B68042B0CD07B681B686F4A934255
:104AE00002D13B68002B04D040F2BC516C48FCF76B
:104AF0006BFB3B68002B09D17B6893F83E30DBB23F
:104B0000012B14BF01230023DBB23CE03B68042BE4
:104B100009D17B6893F83F30DBB2012B14BF01232E
:104B20000023DBB22FE03B68082B09D17B6893F8A8
:104B30004030DBB2012B14BF01230023DBB222E0A3
:104B40003B680C2B09D17B6893F84130DBB2012B19
:104B500014BF01230023DBB215E03B68102B09D101
:104B60007B6893F84230DBB2012B14BF0123002392
:104B7000DBB208E07B6893F84330DBB2012B14BF53
:104B800001230023DBB2002B01D001237EE03B6830
:104B9000002B04D17B68022283F83E2023E03B688F
:104BA000042B04D17B68022283F83F201BE03B6882
:104BB000082B04D17B68022283F8402013E03B6875
:104BC0000C2B04D17B68022283F841200BE03B6868
:104BD000102B04D17B68022283F8422003E07B681B
:104BE000022283F843207B681B680122396818463B
:104BF00001F0E6F87B681B68264A934209D07B687F
:104C00001B68254A934204D07B681B68234A934261
:104C100001D1012300E00023002B07D07B681B6833
:104C20005A6C7B681B6842F400425A647B681B68BC
:104C3000184A934209D07B681B68B3F1804F04D0B7
:104C40007B681B68144A934215D17B681B689A687D
:104C5000144B1340FB60FB68062B15D0FB68B3F5C3
:104C6000803F11D07B681B681A687B681B6842F024
:104C700001021A6008E07B681B681A687B681B6881
:104C800042F001021A6000E000BF0023184610370E
:104C9000BD4680BD002C0140004001400044014061
:104CA000409600080700010080B586B000AFF860AC
:104CB000B9607A600023FB757B68002B16D07B6897
:104CC000042B13D07B68082B10D07B680C2B0DD0E5
:104CD0007B68102B0AD07B68142B07D07B683C2B99
:104CE00004D041F2B3018C48FCF76EFABB681B6834
:104CF000602B1CD0BB681B68702B18D0BB681B686E
:104D0000864A934213D0BB681B68854A93420ED0F3
:104D1000BB681B68834A934209D0BB681B68824A00
:104D2000934204D041F2B4017B48FCF74DFABB68D2
:104D30009B68002B08D0BB689B68022B04D041F213
:104D4000B5017548FCF740FABB681B69002B08D019
:104D5000BB681B69042B04D041F2B6016E48FCF716
:104D600033FAFB6893F83C30012B01D1022370E148
:104D7000FB68012283F83C207B68142B00F26181E0
:104D800001A252F823F000BFDD4D00084350000897
:104D900043500008435000084F4E0008435000089D
:104DA0004350000843500008B94E00084350000823
:104DB0004350000843500008394F00084350000892
:104DC0004350000843500008994F00084350000822
:104DD0004350000843500008ED4F0008FB681B6873
:104DE000524A934213D0FB681B68B3F1804F0ED038
:104DF000FB681B684E4A934209D0FB681B684D4A0A
:104E0000934204D04FF486514348FCF7DDF9FB6828
:104E10001B68B968184600F031FCFB681B689A698A
:104E2000FB681B6842F008029A61FB681B689A697C
:104E3000FB681B6822F004029A61FB681B68996991
:104E4000BB681A69FB681B680A439A61FCE0FB684F
:104E50001B68364A93420ED0FB681B68B3F1804F43
:104E600009D0FB681B68324A934204D041F2D10159
:104E70002948FCF7A9F9FB681B68B968184600F0D7
:104E8000A3FCFB681B689A69FB681B6842F400621C
:104E90009A61FB681B689A69FB681B6822F4806250
:104EA0009A61FB681B689969BB681B691A02FB68F9
:104EB0001B680A439A61C7E0FB681B681B4A934260
:104EC00009D0FB681B68B3F1804F04D041F2E201C6
:104ED0001148FCF779F9FB681B68B968184600F0BF
:104EE00015FDFB681B68DA69FB681B6842F0080265
:104EF000DA61FB681B68DA69FB681B6822F0040250
:104F0000DA61FB681B68D969BB681A69FB681B68B2
:104F10000A43DA6198E000BF4096000840000100B3
:104F2000500001006000010070000100002C0140F1
:104F30000040014000440140FB681B68474A93421F
:104F400009D0FB681B68B3F1804F04D041F2F30134
:104F50004348FCF739F9FB681B68B968184600F04C
:104F600077FDFB681B68DA69FB681B6842F4006226
:104F7000DA61FB681B68DA69FB681B6822F48062EF
:104F8000DA61FB681B68D969BB681B691A02FB6898
:104F90001B680A43DA6157E0FB681B682F4A93429B
:104FA00004D041F204112E48FCF70EF9FB681B688F
:104FB000B968184600F0B8FDFB681B685A6DFB68BD
:104FC0001B6842F008025A65FB681B685A6DFB6853
:104FD0001B6822F004025A65FB681B68596DBB68A8
:104FE0001A69FB681B680A435A652DE0FB681B6859
:104FF0001A4A934204D041F215111948FCF7E4F81B
:10500000FB681B68B968184600F0E6FDFB681B6882
:105010005A6DFB681B6842F400625A65FB681B68A6
:105020005A6DFB681B6822F480625A65FB681B6836
:10503000596DBB681B691A02FB681B680A435A65F5
:1050400002E00123FB7500BFFB68002283F83C20CF
:10505000FB7D18461837BD4680BD00BF002C0140BF
:105060004096000880B584B000AF786039600023B6
:10507000FB737B6893F83C30012B01D1022382E261
:105080007B68012283F83C207B68022283F83D2064
:105090003B681B68B3F5805F29D03B681B68702BA9
:1050A00025D03B681B68B3F5005F20D03B681B68C8
:1050B000402B1CD03B681B68502B18D03B681B68EA
:1050C000602B14D03B681B68002B10D03B681B681A
:1050D000102B0CD03B681B68202B08D03B681B684A
:1050E000302B04D041F256516F48FCF76DF87B68C5
:1050F0001B689B68BB60BB6823F4803323F0770395
:10510000BB60BB6823F47F43BB607B681B68BA68E5
:105110009A603B681B68B3F5005F00F0D180B3F57F
:10512000005F00F22382B3F5805F2DD0B3F5805F7E
:1051300000F21C82702B51D0702B00F21782602B72
:1051400000F06281602B00F21182502B00F015817B
:10515000502B00F20B82402B00F0A481402B00F278
:105160000582302B00F0E581302B00F2FF81202BEF
:1051700000F0DF81202B00F2F981002B00F0D981B3
:10518000102B00F0D681F1E17B681B68474A9342FF
:1051900000F0EF817B681B68B3F1804F00F0E9817C
:1051A0007B681B68424A934200F0E3817B681B687E
:1051B000404A934200F0DD817B681B683E4A93427F
:1051C00000F0D7817B681B683C4A934200F0D18194
:1051D00041F262513448FBF7F7FFCAE17B681B6874
:1051E000324A93420ED07B681B68B3F1804F09D0DE
:1051F0007B681B68304A934204D041F269512A48C7
:10520000FBF7E2FF3B689B68002B13D03B689B6871
:10521000B3F5805F0ED03B689B68B3F5005F09D0A3
:105220003B689B68B3F5405F04D041F26C511E4867
:10523000FBF7CAFF3B685B68B3F5004F14D03B68CF
:105240005B68002B10D03B685B68002B0CD03B6880
:105250005B68022B08D03B685B680A2B04D041F2E4
:105260006D511148FBF7B0FF3B68DB680F2B04D989
:1052700041F26E510C48FBF7A7FF7B6818683B684A
:1052800099683B685A683B68DB6800F079FD7B6889
:105290001B689B68BB60BB6843F07703BB607B689F
:1052A0001B68BA689A6065E140960008002C0140CE
:1052B0000010004000140040004001400044014044
:1052C0007B681B68744A934209D07B681B68B3F102
:1052D000804F04D041F281517048FBF775FF3B6865
:1052E0009B68002B13D03B689B68B3F5805F0ED0A2
:1052F0003B689B68B3F5005F09D03B689B68B3F5DA
:10530000405F04D041F284516448FBF75DFF3B6885
:105310005B68B3F5004F14D03B685B68002B10D07E
:105320003B685B68002B0CD03B685B68022B08D0A5
:105330003B685B680A2B04D041F285515748FBF764
:1053400043FF3B68DB680F2B04D941F28651534879
:10535000FBF73AFF7B6818683B6899683B685A68B6
:105360003B68DB6800F00CFD7B681B689A687B6813
:105370001B6842F480429A60FCE07B681B68464AE6
:1053800093420ED07B681B68B3F1804F09D07B68D5
:105390001B68434A934204D041F295513F48FBF7C2
:1053A00013FF3B685B68B3F5004F14D03B685B6844
:1053B000002B10D03B685B68002B0CD03B685B680F
:1053C000022B08D03B685B680A2B04D041F298514D
:1053D0003248FBF7F9FE3B68DB680F2B04D941F23A
:1053E00099512E48FBF7F0FE7B6818683B685968B6
:1053F0003B68DB681A4600F049FC7B681B6850215B
:10540000184600F0A2FCB5E07B681B68224A934274
:105410000ED07B681B68B3F1804F09D07B681B6896
:105420001F4A934204D041F2A5511C48FBF7CCFE21
:105430003B685B68B3F5004F14D03B685B68002B9A
:1054400010D03B685B68002B0CD03B685B68022B7C
:1054500008D03B685B680A2B04D041F2A8510F4882
:10546000FBF7B2FE3B68DB680F2B04D941F2A95170
:105470000A48FBF7A9FE7B6818683B6859683B68D7
:10548000DB681A4600F031FC7B681B686021184617
:1054900000F05BFC6EE000BF002C0140409600086D
:1054A000004001407B681B68394A93420ED07B68FC
:1054B0001B68B3F1804F09D07B681B68354A934263
:1054C00004D041F2B5513448FBF77EFE3B685B687F
:1054D000B3F5004F14D03B685B68002B10D03B68DD
:1054E0005B68002B0CD03B685B68022B08D03B68E4
:1054F0005B680A2B04D041F2B8512748FBF764FEE1
:105500003B68DB680F2B04D941F2B9512248FBF705
:105510005BFE7B6818683B6859683B68DB681A4625
:1055200000F0B4FB7B681B684021184600F00DFCBE
:1055300020E07B681B68164A93420ED07B681B688C
:10554000B3F1804F09D07B681B68124A934204D0A4
:1055500041F2C8511048FBF737FE7B681A683B6878
:105560001B681946104600F0F0FB03E00123FB73B3
:1055700000E000BF7B68012283F83D207B680022A9
:1055800083F83C20FB7B18461037BD4680BD00BF2A
:10559000002C0140004001404096000880B485B0D6
:1055A00000AF786039607B681B68FB607B68304ABD
:1055B000934203D07B68B3F1804F08D1FB6823F09E
:1055C0007003FB603B685B68FA681343FB607B68B1
:1055D000274A93420BD07B68B3F1804F07D07B689A
:1055E000244A934203D07B68234A934208D1FB6844
:1055F00023F44073FB603B68DB68FA681343FB608D
:10560000FB6823F080023B685B691343FB607B68A7
:10561000FA681A603B689A687B68DA623B681A68C5
:105620007B689A627B68124A934207D07B68114A72
:10563000934203D07B68104A934203D13B681A69B6
:105640007B681A637B6801225A617B681B6903F0DF
:105650000103012B05D17B681B6923F001027B68E4
:105660001A6100BF1437BD465DF8047B704700BF68
:10567000002C0140004001400044014080B586B04C
:1056800000AF786039607B681B6A7B617B681B6A4E
:1056900023F001027B681A627B685B683B617B6870
:1056A0009B69FB60FB6823F4803323F07003FB608D
:1056B000FB6823F00303FB603B681B68FA68134335
:1056C000FB607B6923F002037B613B689B687A691E
:1056D00013437B617B68384A934207D07B68374A23
:1056E000934203D07B68364A934219D13B68DB680A
:1056F000002B08D03B68DB68082B04D041F66E31E4
:105700003048FBF761FD7B6923F008037B613B6850
:10571000DB687A6913437B617B6923F004037B6157
:105720007B68254A934207D07B68244A934203D082
:105730007B68234A93422DD13B689B69B3F5007F78
:1057400008D03B689B69002B04D041F67B311D4893
:10575000FBF73AFD3B685B69B3F5807F08D03B6897
:105760005B69002B04D041F67C311648FBF72CFD19
:105770003B6923F480733B613B6923F400733B6115
:105780003B685B693A6913433B613B689B693A69D3
:1057900013433B617B683A695A607B68FA689A6197
:1057A0003B685A687B685A637B687A691A6200BFF3
:1057B0001837BD4680BD00BF002C014000400140AD
:1057C000004401404096000880B586B000AF786084
:1057D00039607B681B6A7B617B681B6A23F010025F
:1057E0007B681A627B685B683B617B689B69FB60D6
:1057F000FB6823F0807323F4E043FB60FB6823F431
:105800004073FB603B681B681B02FA681343FB6034
:105810007B6923F020037B613B689B681B017A69ED
:1058200013437B617B68354A93421AD13B68DB683E
:10583000002B08D03B68DB68082B04D041F6BA3156
:105840002F48FBF7C1FC7B6923F080037B613B6839
:10585000DB681B017A6913437B617B6923F040039A
:105860007B617B68254A934207D07B68254A934237
:1058700003D07B68244A93422FD13B689B69B3F5E0
:10588000007F08D03B689B69002B04D041F6C731EC
:105890001B48FBF799FC3B685B69B3F5807F08D038
:1058A0003B685B69002B04D041F6C8311448FBF714
:1058B0008BFC3B6923F480633B613B6923F4006309
:1058C0003B613B685B699B003A6913433B613B6802
:1058D0009B699B003A6913433B617B683A695A6054
:1058E0007B68FA689A613B685A687B689A637B6850
:1058F0007A691A6200BF1837BD4680BD002C01408E
:1059000040960008004001400044014080B586B048
:1059100000AF786039607B681B6A7B617B681B6ABB
:1059200023F480727B681A627B685B683B617B68EA
:10593000DB69FB60FB6823F4803323F07003FB60BA
:10594000FB6823F00303FB603B681B68FA681343A2
:10595000FB607B6923F400737B613B689B681B02DF
:105960007A6913437B617B68354A93421AD13B685D
:10597000DB68002B08D03B68DB68082B04D041F6BD
:1059800005413048FBF720FC7B6923F400637B6111
:105990003B68DB681B027A6913437B617B6923F4F4
:1059A00080637B617B68264A934207D07B68264AE6
:1059B000934203D07B68254A93422FD13B689B6971
:1059C000B3F5007F08D03B689B69002B04D041F6FB
:1059D00012411C48FBF7F8FB3B685B69B3F5807F1D
:1059E00008D03B685B69002B04D041F61341154891
:1059F000FBF7EAFB3B6923F480533B613B6923F4EB
:105A000000533B613B685B691B013A6913433B618F
:105A10003B689B691B013A6913433B617B683A69A8
:105A20005A607B68FA68DA613B685A687B68DA63B7
:105A30007B687A691A6200BF1837BD4680BD00BF17
:105A4000002C014040960008004001400044014005
:105A500080B586B000AF786039607B681B6A3B61B7
:105A60007B681B6A23F480527B681A627B685B68E0
:105A70007B617B68DB69FB60FB6823F0807323F448
:105A8000E043FB60FB6823F44073FB603B681B68EA
:105A90001B02FA681343FB603B6923F400533B612C
:105AA0003B689B681B033A6913433B617B681A4A56
:105AB000934207D07B68194A934203D07B68184A07
:105AC000934217D13B685B69B3F5807F08D03B6890
:105AD0005B69002B04D041F652411248FBF774FB7E
:105AE0007B6923F480437B613B685B699B017A6936
:105AF00013437B617B687A695A607B68FA68DA6174
:105B00003B685A687B681A647B683A691A6200BF0E
:105B10001837BD4680BD00BF002C01400040014049
:105B2000004401404096000880B487B000AF786020
:105B300039607B681B6A3B617B681B6A23F4803297
:105B40007B681A627B685B687B617B685B6DFB606E
:105B5000FB6823F4803323F07003FB603B681B6811
:105B6000FA681343FB603B6923F400333B613B68F5
:105B70009B681B043A6913433B617B68134A934259
:105B800007D07B68124A934203D07B68114A934244
:105B900009D17B6923F480337B613B685B691B021D
:105BA0007A6913437B617B687A695A607B68FA681B
:105BB0005A653B685A687B689A657B683A691A62DD
:105BC00000BF1C37BD465DF8047B7047002C0140C8
:105BD000004001400044014080B487B000AF7860CD
:105BE00039607B681B6A3B617B681B6A23F4801207
:105BF0007B681A627B685B687B617B685B6DFB60BE
:105C0000FB6823F0807323F4E043FB603B681B6870
:105C10001B02FA681343FB603B6923F400133B61EA
:105C20003B689B681B053A6913433B617B68144AD8
:105C3000934207D07B68134A934203D07B68124A91
:105C4000934209D17B6923F480237B613B685B69C4
:105C50009B027A6913437B617B687A695A607B682F
:105C6000FA685A653B685A687B68DA657B683A6906
:105C70001A6200BF1C37BD465DF8047B704700BF49
:105C8000002C0140004001400044014080B487B036
:105C900000AFF860B9607A60FB681B6A7B61FB68E3
:105CA0001B6A23F00102FB681A62FB689B693B6177
:105CB0003B6923F0F0033B617B681B013A691343A6
:105CC0003B617B6923F00A037B617A69BB681343FC
:105CD0007B61FB683A699A61FB687A691A6200BF66
:105CE0001C37BD465DF8047B704780B487B000AFB9
:105CF000F860B9607A60FB681B6A7B61FB681B6AAD
:105D000023F01002FB681A62FB689B693B613B69E8
:105D100023F470433B617B681B033A6913433B6187
:105D20007B6923F0A0037B61BB681B017A69134385
:105D30007B61FB683A699A61FB687A691A6200BF05
:105D40001C37BD465DF8047B704780B485B000AF5A
:105D5000786039607B689B68FB60FB6823F07003A8
:105D6000FB603A68FB68134343F00703FB607B6802
:105D7000FA689A6000BF1437BD465DF8047B70472F
:105D800080B487B000AFF860B9607A603B60FB68B0
:105D90009B687B617B6923F47F437B613B681A02CC
:105DA0007B681A43BB6813437A6913437B61FB68C2
:105DB0007A699A6000BF1C37BD465DF8047B704766
:105DC00080B586B000AFF860B9607A60FB68254A9C
:105DD000934210D0FB68B3F1804F0CD0FB68224A8D
:105DE000934208D0FB68214A934204D041F6AC614B
:105DF0001F48FBF7E9F9BB68002B16D0BB68042BE2
:105E000013D0BB68082B10D0BB680C2B0DD0BB681F
:105E1000102B0AD0BB68142B07D0BB683C2B04D0D6
:105E200041F6AD611248FBF7CFF9BB6803F01F03E1
:105E3000012202FA03F37B61FB681A6A7B69DB4388
:105E40001A40FB681A62FB681A6ABB6803F01F03FA
:105E5000796801FA03F31A43FB681A6200BF183726
:105E6000BD4680BD002C014000400140004401407F
:105E70004096000880B584B000AF786039607B68D8
:105E80001B68814A934218D07B681B68B3F1804F2E
:105E900013D07B681B687D4A93420ED07B681B68D9
:105EA0007B4A934209D07B681B687A4A934204D0AC
:105EB00040F2AC717848FBF787F93B681B68002B10
:105EC00020D03B681B68102B1CD03B681B68202B24
:105ED00018D03B681B68302B14D03B681B68402BE4
:105EE00010D03B681B68502B0CD03B681B68602BA4
:105EF00008D03B681B68702B04D040F2AD71664837
:105F0000FBF762F93B689B68802B08D03B689B6875
:105F1000002B04D040F2AE715F48FBF755F97B6867
:105F200093F83C30012B01D10223A8E07B680122C9
:105F300083F83C207B68022283F83D207B681B6845
:105F40005B68FB607B681B689B68BB607B681B6849
:105F50004D4A934261D13B685B68002B54D03B684B
:105F60005B68B3F5801F4FD03B685B68B3F5001FDB
:105F70004AD03B685B68B3F5401F45D03B685B681F
:105F8000B3F5800F40D03B685B68B3F5A00F3BD002
:105F90003B685B68B3F5C00F36D03B685B68B3F510
:105FA000C00F31D03B685B68B3F5E00F2CD03B6885
:105FB0005B68B3F5000F27D03B685B68B3F5100F43
:105FC00022D03B685B68B3F5200F1DD03B685B684F
:105FD000B3F5300F18D03B685B68B3F5400F13D0B2
:105FE0003B685B68B3F5500F0ED03B685B68B3F558
:105FF000600F09D03B685B68B3F5700F04D04FF4B5
:10600000F8612548FBF7E0F8FB6823F47003FB60B8
:106010003B685B68FA681343FB60FB6823F070031E
:10602000FB603B681B68FA681343FB607B681B6876
:10603000FA685A607B681B68134A934209D07B68F0
:106040001B68B3F1804F04D07B681B68114A9342F0
:106050000CD1BB6823F08003BB603B689B68BA68C7
:106060001343BB607B681B68BA689A607B68012237
:1060700083F83D207B68002283F83C2000231846EB
:106080001037BD4680BD00BF002C0140001000400D
:1060900000140040004001407896000880B582B0AE
:1060A00000AF78607B68002B01D101236DE07B6835
:1060B0009B69002B14D07B681B68364A934223D01F
:1060C0007B681B68344A93421ED07B681B68334A46
:1060D000934219D04FF4A9713148FBF775F813E0DA
:1060E0007B681B682B4A93420ED07B681B682A4A48
:1060F000934209D07B681B68284A934204D040F23F
:1061000057112748FBF760F87B68DB6F002B06D13F
:106110007B68002283F878207868FBF76BFA7B684D
:106120002422DA677B681B681A687B681B6822F088
:1061300001021A607B685B6A002B02D0786800F06D
:10614000FDFE786800F02AFC0346012B01D10123F3
:106150001BE07B681B685A687B681B6822F49042CE
:106160005A607B681B689A687B681B6822F02A0269
:106170009A607B681B681A687B681B6842F00102A2
:106180001A60786801F022F8034618460837BD46C1
:1061900080BD00BF00380140004400400080004046
:1061A000B496000880B58AB002AFF860B9603B6071
:1061B0001346FB80FB68DB6F202B77D1BB68002B7D
:1061C00002D0FB88002B01D1012370E0FB68002284
:1061D000C3F88420FB682122DA67FBF70FFB7861A4
:1061E000FB68FA88A3F85020FB68FA88A3F85220CD
:1061F000FB689B68B3F5805F08D1FB681B69002BC7
:1062000004D10023FB61BB68BB6103E0BB68FB6199
:106210000023BB612FE03B6800937B690022802153
:10622000F86801F07BF80346002B04D0FB682022BD
:10623000DA6703233BE0FB69002B0BD1BB691A88AB
:10624000FB681B68C2F3080292B21A85BB6902336D
:10625000BB6107E0FB691A78FB681B681A85FB695C
:106260000133FB61FB68B3F852309BB2013B9AB239
:10627000FB68A3F85220FB68B3F852309BB2002BA6
:10628000C9D13B6800937B6900224021F86801F086
:1062900045F80346002B04D0FB682022DA6703236D
:1062A00005E0FB682022DA67002300E0022318469D
:1062B0002037BD4680BD000080B58AB000AFF860D1
:1062C000B9601346FB80FB68D3F88030202B37D1B0
:1062D000BB68002B02D0FB88002B01D1012330E0EA
:1062E000FB6800221A66FB681B68184A93421FD09D
:1062F000FB681B685B6803F40003002B18D0FB6885
:106300001B687B617B6953E8003F3B613B6943F05D
:1063100080637B62FB681B681A467B6A3B62FA619A
:10632000F9693A6A41E80023BB61BB69002BE6D1F9
:10633000FB881A46B968F86801F05EF8034600E089
:10634000022318462837BD4680BD00BF00800040AC
:1063500080B5BAB000AF78607B681B68DB69C7F8AE
:10636000E4307B681B681B68C7F8E0307B681B68FB
:106370009B68C7F8DC30D7F8E42040F60F031340E1
:10638000C7F8D830D7F8D830002B15D1D7F8E4307B
:1063900003F02003002B0FD0D7F8E03003F02003E8
:1063A000002B09D07B689B6E002B00F0CA827B68B3
:1063B0009B6E78689847C4E2D7F8D830002B00F07D
:1063C0001781D7F8DC3003F00103002B06D1D7F892
:1063D000E020854B1340002B00F00A81D7F8E43011
:1063E00003F00103002B11D0D7F8E03003F48073E1
:1063F000002B0BD07B681B6801221A627B68D3F8E4
:10640000843043F001027B68C3F88420D7F8E4307D
:1064100003F00203002B11D0D7F8DC3003F00103A6
:10642000002B0BD07B681B6802221A627B68D3F8B2
:10643000843043F004027B68C3F88420D7F8E4304A
:1064400003F00403002B11D0D7F8DC3003F0010374
:10645000002B0BD07B681B6804221A627B68D3F880
:10646000843043F002027B68C3F88420D7F8E4301C
:1064700003F00803002B17D0D7F8E03003F0200317
:10648000002B05D1D7F8DC3003F00103002B0BD033
:106490007B681B6808221A627B68D3F8843043F05B
:1064A00008027B68C3F88420D7F8E43003F4006363
:1064B000002B12D0D7F8E03003F08063002B0CD013
:1064C0007B681B684FF400621A627B68D3F88430E3
:1064D00043F020027B68C3F884207B68D3F88430C3
:1064E000002B00F03082D7F8E43003F02003002BBB
:1064F0000DD0D7F8E03003F02003002B07D07B68E5
:106500009B6E002B03D07B689B6E786898477B68F6
:10651000D3F88430C7F8D4307B681B689B6803F0DD
:106520004003402B05D0D7F8D43003F02803002BCC
:106530004FD0786801F026F87B681B689B6803F0F1
:106540004003402B41D17B681B680833C7F89C305F
:10655000D7F89C3053E8003FC7F89830D7F8983008
:1065600023F04003C7F8D0307B681B680833D7F8A6
:10657000D020C7F8A820C7F8A430D7F8A410D7F8BF
:10658000A82041E80023C7F8A030D7F8A030002B9E
:10659000D9D17B685B6F002B13D07B685B6F134A8C
:1065A0009A637B685B6F1846FBF7D6FA0346002BAD
:1065B00017D07B685B6F9B6B7A68526F1046984769
:1065C0000FE0786800F0D4F90BE0786800F0D0F9BB
:1065D00007E0786800F0CCF97B680022C3F88420DB
:1065E000B1E100BFAFE100BF200100044D7600081B
:1065F0007B681B6E012B40F06A81D7F8E43003F012
:106600001003002B00F06381D7F8E03003F0100393
:10661000002B00F05C817B681B6810221A627B688B
:106620001B689B6803F04003402B40F0D4807B68DC
:106630005B6F1B685B68A7F8BE30B7F8BE30002BF5
:1066400000F0AD807B68B3F85830B7F8BE209A42AE
:1066500080F0A5807B68B7F8BE20A3F85A207B683D
:106660005B6F1B681B6803F02003002B40F08680E3
:106670007B681B68C7F88830D7F8883053E8003F3C
:10668000C7F88430D7F8843023F48073C7F8B83063
:106690007B681B681A46D7F8B830C7F89430C7F83B
:1066A0009020D7F89010D7F8942041E80023C7F83D
:1066B0008C30D7F88C30002BDAD17B681B6808331C
:1066C0007B677B6F53E8003F3B673B6F23F0010321
:1066D000C7F8B4307B681B680833D7F8B420C7F814
:1066E0008020FB67F96FD7F8802041E80023BB6763
:1066F000BB6F002BE1D17B681B6808333B663B6EA8
:1067000053E8003FFB65FB6D23F04003C7F8B03052
:106710007B681B680833D7F8B020FA66BB66B96E91
:10672000FA6E41E800237B667B6E002BE3D17B6829
:106730002022C3F880207B6800221A667B681B68D1
:10674000FB64FB6C53E8003FBB64BB6C23F010039D
:10675000C7F8AC307B681B681A46D7F8AC30BB650D
:106760007A65796DBA6D41E800233B653B6D002B7E
:10677000E4D17B685B6F1846FBF7B0F97B680222B7
:106780005A667B68B3F858207B68B3F85A309BB2DE
:10679000D31A9BB21946786800F0F4F8D5E07B680C
:1067A000B3F85830B7F8BE209A4240F0CE807B68EC
:1067B0005B6F1B681B6803F02003202B40F0C58033
:1067C0007B6802225A667B68B3F8583019467868AD
:1067D00000F0D8F8B9E07B68B3F858207B68B3F8CC
:1067E0005A309BB2D31AA7F8CE307B68B3F85A3030
:1067F0009BB2002B00F0AB80B7F8CE30002B00F03E
:10680000A6807B681B68BB63BB6B53E8003F7B6360
:106810007B6B23F49073C7F8C8307B681B681A46FB
:10682000D7F8C8307B643A64396C7A6C41E800234D
:10683000FB63FB6B002BE4D17B681B6808337B6236
:106840007B6A53E8003F3B623B6A23F00103C7F8D1
:10685000C4307B681B680833D7F8C4203A63FB62F6
:10686000F96A3A6B41E80023BB62BB6A002BE3D1B3
:106870007B682022C3F880207B6800221A667B6830
:1068800000229A667B681B683B613B6953E8003FC6
:10689000FB60FB6823F01003C7F8C0307B681B68FF
:1068A0001A46D7F8C030FB61BA61B969FA6941E8A4
:1068B00000237B617B69002BE4D17B6802225A664E
:1068C000B7F8CE301946786800F05CF83FE0D7F8AA
:1068D000E43003F48013002B0ED0D7F8DC3003F43F
:1068E0008003002B08D07B681B684FF480121A626B
:1068F000786801F0A7F82DE0D7F8E43003F08003C2
:10690000002B0ED0D7F8E03003F08003002B08D026
:106910007B68DB6E002B1CD07B68DB6E7868984749
:1069200017E0D7F8E43003F04003002B12D0D7F87B
:10693000E03003F04003002B0CD0786800F09CFEA0
:1069400008E000BF06E000BF04E000BF02E000BFB7
:1069500000E000BFE837BD4680BD00BF80B483B013
:1069600000AF786000BF0C37BD465DF8047B704710
:1069700080B483B000AF786000BF0C37BD465DF8CF
:10698000047B704780B483B000AF78600B467B8097
:1069900000BF0C37BD465DF8047B70472DE9B04F52
:1069A0008AB000AFF860002387F82230FB685B688C
:1069B0009E4A934204D940F658419D48FAF704FC98
:1069C000FB689B68B3F1805F0DD0FB689B68002B70
:1069D00009D0FB689B68B3F5805F04D040F659414D
:1069E0009348FAF7F1FBFB681B68924A93420ED179
:1069F000FB68DB68002B30D0FB68DB68B3F5005F19
:106A00002BD040F65C418A48FAF7DEFB25E0FB68B4
:106A1000DB68B3F5805F12D0FB68DB68002B0ED01B
:106A2000FB68DB68B3F5405F09D0FB68DB68B3F552
:106A3000005F04D04FF446617D48FAF7C5FBFB6860
:106A40001B6A002B09D0FB681B6AB3F5006F04D0EA
:106A500040F661417648FAF7B7FBFB681B69002BEB
:106A60000ED0FB681B69B3F5806F09D0FB681B690A
:106A7000B3F5C06F04D040F664416D48FAF7A4FB4B
:106A8000FB685B6923F00C03002B03D1FB685B6997
:106A9000002B04D140F665416548FAF795FBFB6889
:106AA0009B69002B13D0FB689B69B3F5807F0ED0E8
:106AB000FB689B69B3F5007F09D0FB689B69B3F560
:106AC000407F04D040F666415948FAF77DFBFB68E9
:106AD000DB69002B09D0FB68DB69B3F5004F04D0FC
:106AE00040F667415248FAF76FFBFB689A68FB680B
:106AF0001B691A43FB685B691A43FB68DB69134334
:106B00007B62FB681B681A684B4B1340FA6812687B
:106B1000796A0B431360FB681B685B6823F4405180
:106B2000FB68DA68FB681B680A435A60FB689B696C
:106B30007B62FB681B683F4A934204D0FB681B6A78
:106B40007A6A13437B62FB681B689B6823F430619D
:106B5000FB681B687A6A0A439A60FB681B68374ABD
:106B6000934225D1364BD3F8883003F00303032B2F
:106B70001AD801A252F823F0896B0008996B00081B
:106B8000916B0008A16B0008012387F823308EE089
:106B9000022387F823308AE0042387F8233086E035
:106BA000082387F8233082E0102387F823307EE023
:106BB000FB681B68234A934246D1214BD3F88830A7
:106BC00003F00C030C2B2DD801A252F823F000BFC8
:106BD000056C0008256C0008256C0008256C000871
:106BE000156C0008256C0008256C0008256C000851
:106BF0000D6C0008256C0008256C0008256C000849
:106C00001D6C0008002387F8233050E0022387F82A
:106C100023304CE0042387F8233048E0082387F82A
:106C2000233044E0102387F8233040E0809698001A
:106C3000B496000800800040F369FFEF003801407F
:106C40000010024000440040FB681B68A04A9342C9
:106C50002AD1A04BD3F8883003F44063B3F5406FDA
:106C60001AD0B3F5406F1BD8B3F5006F0CD0B3F555
:106C7000006F15D8002B03D0B3F5806F08D00FE05C
:106C8000002387F8233012E0022387F823300EE038
:106C9000042387F823300AE0082387F8233006E02E
:106CA000102387F8233002E0102387F82330FB6895
:106CB0001B68874A93427AD197F82330082B24D84F
:106CC00001A252F823F000BFED6C00080B6D000824
:106CD000F56C00080B6D0008FB6C00080B6D0008DC
:106CE0000B6D00080B6D0008036D0008FCF7BCFF7E
:106CF000F86110E0784BFB610DE0FCF71DFFF861D7
:106D000009E04FF40043FB6105E00023FB61012330
:106D100087F8223000BFFB69002B00F00281FB687E
:106D20005A6813465B001344FA699A4205D3FB681C
:106D30005B681B03FA699A4203D9012387F8223062
:106D4000EFE0FB6900221C4615464FF000024FF0B1
:106D500000032B0243EA14632202F96849684908D8
:106D600000208846814612EB080A43EB090BFB68BA
:106D70005B6800223B607A60D7E9002350465946A1
:106D8000F9F77EFA02460B461346BB61BB69B3F5C1
:106D9000407F08D3BB69B3F5801F04D2FB681B6832
:106DA000BA69DA60BDE0012387F82230B9E0FB68F8
:106DB000DB69B3F5004F5ED197F82330082B28D854
:106DC00001A252F823F000BFED6D0008F56D000838
:106DD000FD6D0008136E0008036E0008136E0008B6
:106DE000136E0008136E00080B6E0008FCF73CFFE2
:106DF000F86114E0FCF74EFFF86110E0364BFB61E0
:106E00000DE0FCF799FEF86109E04FF40043FB61E7
:106E100005E00023FB61012387F8223000BFFB69F6
:106E2000002B7ED0FB695A00FB685B685B081A4444
:106E3000FB685B68B2FBF3F3BB61BB690F2B16D930
:106E4000BB69B3F5803F12D2BB699BB223F00F033D
:106E5000FB82BB695B089BB203F007039AB2FB8A13
:106E60001343FB82FB681B68FA8ADA6059E001234E
:106E700087F8223055E097F82330082B2ED801A24E
:106E800052F823F0A96E0008B16E0008B96E000830
:106E9000DD6E0008BF6E0008DD6E0008DD6E0008C4
:106EA000DD6E0008C76E0008FCF7DEFEF8611BE02F
:106EB000FCF7F0FEF86117E0074BFB6114E0FCF70C
:106EC0003BFEF86110E04FF40043FB610CE000BFB3
:106ED00000800040001002400024F4000023FB6109
:106EE000012387F8223000BFFB69002B19D0FB6813
:106EF0005B685A08FB691A44FB685B68B2FBF3F3F2
:106F0000BB61BB690F2B09D9BB69B3F5803F05D2C3
:106F1000BB699AB2FB681B68DA6002E0012387F85C
:106F20002230FB6800229A66FB680022DA6697F836
:106F3000223018462837BD46BDE8B08F80B582B0F4
:106F400000AF78607B685B6AFF2B04D940F64D5137
:106F50009348FAF739F97B685B6A03F00803002B62
:106F600018D07B685B6B002B09D07B685B6BB3F53B
:106F7000004F04D040F652518948FAF725F97B6852
:106F80001B685B6823F400417B685A6B7B681B6855
:106F90000A435A607B685B6A03F00103002B18D038
:106FA0007B689B6A002B09D07B689B6AB3F5003F26
:106FB00004D040F659517A48FAF706F97B681B6805
:106FC0005B6823F400317B689A6A7B681B680A431C
:106FD0005A607B685B6A03F00203002B18D07B6861
:106FE000DB6A002B09D07B68DB6AB3F5803F04D0F5
:106FF0004FF456616A48FAF7E7F87B681B685B68EC
:1070000023F480317B68DA6A7B681B680A435A6024
:107010007B685B6A03F00403002B18D07B681B6B52
:10702000002B09D07B681B6BB3F5802F04D040F692
:1070300067515B48FAF7C8F87B681B685B6823F404
:1070400080217B681A6B7B681B680A435A607B68E7
:107050005B6A03F01003002B18D07B689B6B002B3E
:1070600009D07B689B6BB3F5805F04D040F66E510E
:107070004B48FAF7A9F87B681B689B6823F480519A
:107080007B689A6B7B681B680A439A607B685B6AC3
:1070900003F02003002B18D07B68DB6B002B09D09A
:1070A0007B68DB6BB3F5005F04D040F675513C485C
:1070B000FAF78AF87B681B689B6823F400517B68A9
:1070C000DA6B7B681B680A439A607B685B6A03F033
:1070D0004003002B4FD07B681B68324A934209D093
:1070E0007B681B68304A934204D040F67C512C48A0
:1070F000FAF76AF87B681B6C002B09D07B681B6C65
:10710000B3F5801F04D040F67D512548FAF75CF8AE
:107110007B681B685B6823F480117B681A6C7B6852
:107120001B680A435A607B681B6CB3F5801F22D131
:107130007B685B6C002B13D07B685B6CB3F5001F26
:107140000ED07B685B6CB3F5800F09D07B685B6CFD
:10715000B3F5C00F04D040F682511148FAF734F865
:107160007B681B685B6823F4C0017B685A6C7B6892
:107170001B680A435A607B685B6A03F08003002B3C
:107180001FD07B689B6C002B10D07B689B6CB3F589
:10719000002F0BD040F68A510148FAF715F805E0A8
:1071A000B496000800380140004400407B681B682A
:1071B0005B6823F400217B689A6C7B681B680A4338
:1071C0005A6000BF0837BD4680BD00BF80B598B08B
:1071D00002AF78607B680022C3F88420FAF70EFBC8
:1071E00078657B681B681B6803F00803082B2ED1A9
:1071F0006FF07E4300937B6D00224FF4001178689E
:1072000000F08CF80346002B21D07B681B68BB6321
:10721000BB6B53E8003F7B637B6B23F080033B65D4
:107220007B681B681A463B6D7B643A64396C7A6CE8
:1072300041E80023FB63FB6B002BE6D17B68202237
:10724000DA677B68002283F87820032362E07B689A
:107250001B681B6803F00403042B49D16FF07E43C5
:1072600000937B6D00224FF48001786800F056F89F
:107270000346002B3CD07B681B687B627B6A53E82B
:10728000003F3B623B6A23F49073FB647B681B689E
:107290001A46FB6C3B63FA62F96A3A6B41E80023D9
:1072A000BB62BB6A002BE6D17B681B6808333B617D
:1072B0003B6953E8003FFB60FB6823F00103BB64BC
:1072C0007B681B680833BA6CFA61BB61B969FA69FB
:1072D00041E800237B617B69002BE5D17B6820229C
:1072E000C3F880207B68002283F87820032311E014
:1072F0007B682022DA677B682022C3F880207B68C5
:1073000000221A667B6800225A667B68002283F896
:107310007820002318465837BD4680BD80B584B01C
:1073200000AFF860B9603B601346FB714FE0BB698A
:10733000B3F1FF3F4BD0FAF761FA02463B68D31A2C
:10734000BA699A4202D3BB69002B01D103234EE0F4
:10735000FB681B681B6803F00403002B37D0BB6875
:10736000802B34D0BB68402B31D0FB681B68DB69B5
:1073700003F00803082B10D1FB681B6808221A626F
:10738000F86800F0FFF8FB680822C3F88420FB6867
:10739000002283F87820012329E0FB681B68DB6961
:1073A00003F40063B3F5006F11D1FB681B684FF461
:1073B00000621A62F86800F0E5F8FB682022C3F862
:1073C0008420FB68002283F8782003230FE0FB6809
:1073D0001B68DA69BB681340BA689A420CBF012384
:1073E0000023DBB21A46FB799A42A0D0002318464C
:1073F0001037BD4680BD000080B497B000AFF86084
:10740000B9601346FB80FB68BA685A65FB68FA8866
:10741000A3F85820FB68FA88A3F85A20FB680022DA
:107420009A66FB689B68B3F5805F0ED1FB681B69A9
:10743000002B05D1FB6840F2FF12A3F85C202DE081
:10744000FB68FF22A3F85C2028E0FB689B68002B08
:107450000DD1FB681B69002B04D1FB68FF22A3F848
:107460005C201BE0FB687F22A3F85C2016E0FB6831
:107470009B68B3F1805F0DD1FB681B69002B04D1C1
:10748000FB687F22A3F85C2008E0FB683F22A3F89A
:107490005C2003E0FB680022A3F85C20FB6800226C
:1074A000C3F88420FB682222C3F88020FB681B6895
:1074B0000833FB63FB6B53E8003FBB63BB6B43F0DC
:1074C00001037B65FB681B6808337A6DBA647B64D3
:1074D000796CBA6C41E800233B643B6C002BE5D12E
:1074E000FB689B68B3F5805F07D1FB681B69002BC5
:1074F00003D1FB68214A9A6602E0FB68204A9A663B
:10750000FB681B69002B19D0FB681B68BB62BB6A58
:1075100053E8003F7B627B6A43F49073FB64FB6833
:107520001B681A46FB6C7B633A63396B7A6B41E8E4
:107530000023FB62FB6A002BE6D118E0FB681B68A6
:107540007B617B6953E8003F3B613B6943F020036B
:107550003B65FB681B681A463B6D3B62FA61F96943
:107560003A6A41E80023BB61BB69002BE6D10023E6
:1075700018465C37BD465DF8047B70478978000883
:10758000CD76000880B495B000AF78607B681B684A
:107590007B637B6B53E8003F3B633B6B23F490734F
:1075A000FB647B681B681A46FB6C3B64FA63F96BEF
:1075B0003A6C41E80023BB63BB6B002BE6D17B68D0
:1075C0001B6808333B623B6A53E8003FFB61FB6981
:1075D00023F00103BB647B681B680833BA6CFA6252
:1075E000BB62B96AFA6A41E800237B627B6A002BBE
:1075F000E5D17B681B6E012B18D17B681B68FB6093
:10760000FB6853E8003FBB60BB6823F010037B645A
:107610007B681B681A467B6CBB617A617969BA69C1
:1076200041E800233B613B69002BE6D17B682022C7
:10763000C3F880207B6800221A667B6800229A6665
:1076400000BF5437BD465DF8047B704780B584B0F9
:1076500000AF78607B689B6AFB60FB680022A3F840
:107660005A20FB680022A3F85220F868FFF780F93F
:1076700000BF1037BD4680BD80B588B000AF7860D0
:107680007B681B68FB60FB6853E8003FBB60BB681E
:1076900023F04003FB617B681B681A46FB69BB61F2
:1076A0007A617969BA6941E800233B613B69002B43
:1076B000E6D17B682022DA677B680022DA66786888
:1076C000FFF74CF900BF2037BD4680BD80B59CB0A8
:1076D00000AF78607B68B3F85C30A7F86E307B68E9
:1076E000D3F88030222B40F0BE807B681B689B8CD7
:1076F000A7F86C30B7F86C30D9B2B7F86E30DAB2A0
:107700007B685B6D0A40D2B21A707B685B6D5A1C55
:107710007B685A657B68B3F85A309BB2013B9AB2DA
:107720007B68A3F85A207B68B3F85A309BB2002BD1
:1077300040F0A3807B681B68FB64FB6C53E8003F50
:10774000BB64BB6C23F49073BB667B681B681A46F2
:10775000BB6EBB657A65796DBA6D41E800233B6508
:107760003B6D002BE6D17B681B680833BB63BB6BAA
:1077700053E8003F7B637B6B23F001037B667B68F0
:107780001B6808337A6E7A643B64396C7A6C41E822
:107790000023FB63FB6B002BE5D17B682022C3F841
:1077A00080207B6800229A667B6800225A667B688C
:1077B0001B68344A93421FD07B681B685B6803F4E4
:1077C0000003002B18D07B681B687B627B6A53E840
:1077D000003F3B623B6A23F080633B667B681B682B
:1077E0001A463B6E3B63FA62F96A3A6B41E8002342
:1077F000BB62BB6A002BE6D17B681B6E012B2ED1CE
:107800007B6800221A667B681B683B613B6953E812
:10781000003FFB60FB6823F01003FB657B681B687F
:107820001A46FB6DFB61BA61B969FA6941E8002348
:107830007B617B69002BE6D17B681B68DB6903F009
:107840001003102B03D17B681B6810221A627B681F
:10785000B3F8583019467868FFF794F80DE0786867
:10786000F9F7A2F909E07B681B681B8B9AB27B6869
:107870001B6842F0080292B21A8300BF7037BD46FF
:1078800080BD00BF0080004080B59CB000AF786034
:107890007B68B3F85C30A7F86E307B68D3F8803033
:1078A000222B40F0BE807B681B689B8CA7F86C3055
:1078B0007B685B6DBB66B7F86C20B7F86E30134021
:1078C0009AB2BB6E1A807B685B6D9A1C7B685A65A6
:1078D0007B68B3F85A309BB2013B9AB27B68A3F83D
:1078E0005A207B68B3F85A309BB2002B40F0A3803B
:1078F0007B681B68BB64BB6C53E8003F7B647B6C9C
:1079000023F490737B667B681B681A467B6E7B65ED
:107910003A65396D7A6D41E80023FB64FB6C002BFE
:10792000E6D17B681B6808337B637B6B53E8003FC1
:107930003B633B6B23F001033B667B681B680833AA
:107940003A6E3A64FB63F96B3A6C41E80023BB631F
:10795000BB6B002BE5D17B682022C3F880207B68BD
:1079600000229A667B6800225A667B681B68344A4C
:1079700093421FD07B681B685B6803F40003002BF5
:1079800018D07B681B683B623B6A53E8003FFB6191
:10799000FB6923F08063FB657B681B681A46FB6DFF
:1079A000FB62BA62B96AFA6A41E800237B627B6AC9
:1079B000002BE6D17B681B6E012B2ED17B68002249
:1079C0001A667B681B68FB60FB6853E8003FBB607E
:1079D000BB6823F01003BB657B681B681A46BB6D50
:1079E000BB617A617969BA6941E800233B613B690F
:1079F000002BE6D17B681B68DB6903F01003102BBA
:107A000003D17B681B6810221A627B68B3F8583078
:107A100019467868FEF7B6FF0DE07868F9F7C4F804
:107A200009E07B681B681B8B9AB27B681B6842F07D
:107A3000080292B21A8300BF7037BD4680BD00BFF6
:107A40000080004080B483B000AF786000BF0C3786
:107A5000BD465DF8047B7047002310B50446C0E9BD
:107A60000033C0E90433836081814366C28183614E
:107A7000194608225C3000F027FA0D4B63620D4B6B
:107A8000A3620D4BE3620D4B23630D4B24629C42BA
:107A900006D003F16802944202D0D0339C4205D153
:107AA00004F15800BDE8104000F086BA10BD00BFD8
:107AB000157D00083B7D0008737D0008977D000858
:107AC00058020020024A0349034800F069B800BF89
:107AD0000C000020918E00081C00002041680C4B17
:107AE000994210B5044601D001F0D2F9A168094BC2
:107AF000994202D0204601F0CBF9E168064B994249
:107B000004D02046BDE8104001F0C2B910BD00BF4E
:107B100058020020C00200202803002010B50B4BA3
:107B20000B4C0C4A1A60204600220421FFF794FFF8
:107B300004F1680001220921FFF78EFF04F1D00053
:107B40000222BDE810401221FFF786BF90030020FB
:107B500058020020C57A0008014800F02EBA00BF84
:107B600099030020014800F029BA00BF99030020C2
:107B700010B50446FFF7F0FF236A1BB1BDE81040C3
:107B8000FFF7F0BF044B2362044B1B68002BF5D1B9
:107B9000FFF7C4FFF2E700BFDD7A00089003002082
:107BA0002DE9F8430746884614460026D4E9019596
:107BB000B9F1010905D52468002CF7D13046BDE89C
:107BC000F883AB89012B07D9B5F90E30013303D007
:107BD00029463846C04706436835E9E70FB407B57C
:107BE000064904AB086853F8042B8168019300F040
:107BF000D9FC03B05DF804EB04B070471800002016
:107C0000036A70B5846805460E460BB9FFF7B0FFEE
:107C1000636EDB0705D4A389980502D4A06D00F03C
:107C2000CCF9A389190702D52369002B35D1214648
:107C3000284600F0F3F880B34FF0FF35636EDA07A3
:107C400005D4A3899B0502D4A06D00F0B7F928469E
:107C500070BD002B04DAA2699A4217DC0A2915D0FC
:107C600023685A1C22601970A36816F8011F013B93
:107C7000A3600029EDD1002B11DA22460A21284603
:107C800000F08DF80130D7D00A25D7E722462846E4
:107C900000F085F80130E7D1CEE7013EE4E7236844
:107CA0005A1C22600A221A70EEE70000024B0146BD
:107CB0001868FFF7A5BF00BF180000200EB470B50C
:107CC0009DB021AC00254FF4017254F8046BADF85F
:107CD00014201B9502900690F8F77AFA0B4B03904C
:107CE00007900B480B934FF6FF73ADF816303246F2
:107CF000234602A900680F951495019400F0B2FA8A
:107D00001DB0BDE8704003B0704700BF377D00086C
:107D10001800002010B50C46B1F90E1000F0FEF866
:107D20000028ABBF636DA3891B1823F48053ACBF3D
:107D30006365A38110BD002070472DE9F0411F4607
:107D40008B89DB0505460C46164605D5B1F90E10A4
:107D50000223002200F0D0F8A389B4F90E1023F416
:107D60008053A38132463B462846BDE8F04100F0EF
:107D7000E7B810B50C46B1F90E1000F0BDF8431C81
:107D8000A38915BF606523F4805343F48053A38116
:107D900018BFA38110BDB1F90E1000F09DB8F8B561
:107DA0000E461446054618B1036A0BB9FFF7E0FE0C
:107DB000A369A360A3891A0701D5236943B92146A2
:107DC000284600F02BF818B14FF0FF373846F8BDC1
:107DD00023682269981A6369F6B28342374605DC44
:107DE0002146284601F054F80028EDD1A368013B54
:107DF000A36023685A1C22601E706269431C9A4269
:107E000004D0A389DB07E1D50A2EDFD1214628461D
:107E100001F03EF80028D9D0D6E7000038B5294B4C
:107E2000054618680C4618B1036A0BB9FFF7A0FEA7
:107E3000B4F90C30190722D4DA0607D409222A60D3
:107E400043F04003A3814FF0FF3033E0580712D5D1
:107E5000616B41B104F14403994202D0284600F01D
:107E6000AFF800236363A38923F02403A3810023D5
:107E7000636023692360A38943F00803A381236916
:107E80004BB9A38903F42073B3F5007F03D02146D7
:107E9000284601F04BF8B4F90C3013F001020AD077
:107EA0000022A26062695242A261226942B913F0C3
:107EB0008000C5D138BD990758BF6269A260F4E758
:107EC0000020F7E71800002002440346934200D147
:107ED000704703F8011BF9E738B5064D0023044647
:107EE00008462B60F9F705FA431C02D12B6803B151
:107EF000236038BD9403002038B5074D044608467A
:107F0000114600222A601A46F9F71AFA431C02D1D8
:107F10002B6803B1236038BD9403002038B5074DAA
:107F200004460846114600222A601A46F9F7C4F9A9
:107F3000431C02D12B6803B1236038BD9403002099
:107F400038B5074D04460846114600222A601A46F5
:107F5000F8F7B8FD431C02D12B6803B1236038BD8C
:107F600094030020014B1868704700BF18000020E0
:107F700070B50D4D0D4C641BA4100026A64209D10E
:107F80000B4D0C4C01F0E4F9641BA4100026A64232
:107F900005D170BD55F8043B98470136EEE755F81A
:107FA000043B98470136F2E79C9800089C9800082B
:107FB0009C980008A0980008704770477047000020
:107FC00038B50546002941D051F8043C0C1F002B60
:107FD000B8BFE41800F0E0F81D4A136833B96360D5
:107FE00014602846BDE8384000F0DCB8A34208D948
:107FF000206821188B4201BF19685B68091821604D
:10800000EDE71A465B680BB1A342FAD91168501824
:10801000A0420BD120680144501883421160E0D186
:1080200018685B68536008441060DAE702D90C23D3
:108030002B60D6E7206821188B4204BF19685B6863
:10804000636004BF091821605460CAE738BD00BFEF
:10805000A003002070B50F4E0C463168054611B9DB
:1080600001F036F830602146284601F031F8431C13
:1080700003D14FF0FF34204670BDC41C24F003042C
:10808000A042F8D0211A284601F022F80130F2D19E
:10809000EFE700BF9C0300202DE9F843CD1C25F03D
:1080A000030508350C2D38BF0C25002D064601DBD5
:1080B000A94204D90C2333600020BDE8F883DFF81F
:1080C000D48000F069F8D8F800301C4644BB29463B
:1080D0003046FFF7BFFF431C044658D1D8F8004094
:1080E0002746002F43D1002C4BD023683946304619
:1080F00004EB030900F0ECFF814542D121686D1AC1
:1081000029463046FFF7A6FF01303AD023682B44BA
:108110002360D8F800305A6862BBC8F800700FE0DE
:108120002268521B20D40B2A17D96119A34225605B
:1081300018BF5960636808BFC8F8001062514B60EF
:10814000304600F02FF804F10B00231D20F007004B
:10815000C21A1CBF1B1AA350AFE76268A3420CBF30
:10816000C8F800205A60EBE723466468AEE73C4657
:108170007F68B6E71A465B68A342FBD100235360D1
:10818000DEE70C233360304600F00CF894E705601E
:10819000D6E700BFA00300200148FFF70EBF00BFD5
:1081A000980300200148FFF709BF00BF9803002093
:1081B00038B54B1C144603D14FF0FF35284638BD67
:1081C000938923F020039381636B5268CDB28BB106
:1081D000A36B934208DD23685A1E226003F8015CFA
:1081E000636801336360E9E7214600F014FF00286B
:1081F000F1D0E1E72169236851B1994208D213F81F
:10820000011CA94204D1013B013223606260D5E721
:10821000C4E90F3204F1440363630323A3632346D9
:1082200003F8465F23600123DCE710B50C46496B79
:1082300069B104F14403994201D0FFF7C1FE236CF8
:1082400063600020606313B1E36B236010BD23699A
:10825000236000236360A38943F02003A3814FF0D0
:10826000FF30F3E72DE9F04F0C46ADF5237D0021FB
:10827000CDE94411A649A0910DF10408A549A64FE6
:10828000CDF818810646A191009392F80090B9F1BB
:10829000000F00F0588117F8093013F0080302F1BD
:1082A000010519D06368002B0FDD23681A78BA5CCA
:1082B000120701D42A46E8E7459A013245926268DE
:1082C0000133013A62602360ECE7A19B214630460E
:1082D00098470028E9D0EDE7B9F1250F40F08580F7
:1082E0004193439353782A2B02BF1023951C41934B
:1082F0000A22AA461AF8011BA1F13003092B1ED944
:10830000DFF818B203225846F7F76AFF38B1419AEE
:10831000A0EB0B000123834013434193554615F80E
:10832000013B782B06D8572B10D8252B5DD057D87A
:10833000002B75D0032347930A23429388E0439B85
:1083400002FB0311303943915546D2E7A3F158029D
:10835000202AEFD801A151F822F000BF2F84000895
:1083600035830008358300088984000835830008B8
:1083700035830008358300083583000835830008FD
:1083800035830008358300089F8400088584000831
:10839000E7830008E7830008E783000835830008C7
:1083A00041840008358300083583000835830008C0
:1083B00035830008AF84000849840008278400083A
:1083C0003583000835830008AB8400083583000836
:1083D0008584000835830008358300082F84000851
:1083E000453B022BA6D8052331E06368002B0DDD49
:1083F00023681A784A4540F0A680013362682360FA
:10840000459B013A01336260459353E7A19B2146A6
:10841000304698470028EBD04498002840F08B80E5
:108420004FF0FF308BE0419A42F020024192419A96
:1084300042F40072419210226E2B429202D905E062
:1084400000234293032302E008234293042347932B
:108450006368002B39DD419B590604D423681A78E0
:10846000BA5C120738D4479B022B47DC6B46224686
:1084700041A9304600F03AFB012864D002287FF47D
:1084800019AFC9E70A22D7E72946404600F08AFD1E
:10849000419B43F04003419305460123D7E7419BAD
:1084A00043F0400341930023D1E70223CFE74198F3
:1084B000C3063FF5FFAE009B459A191D00911B684E
:1084C000C0074CBF1A801A60F4E6A19B21463046D3
:1084D00098470028BFD09FE7459A013245926268CD
:1084E000013A002A626002DD01332360B6E7A19BF6
:1084F0002146304698470028B0D08DE7042B0FDC8A
:108500006B46224641A9304600F04AFBB4E700BF63
:10851000B18100082B820008939700084497000857
:108520000A4B002B3FF4C6AE6B46224641A93046AB
:10853000AFF30080A0E7A3895B063FF571AF0DF5AF
:10854000237DBDE8F08F4498F9E700BF00000000EC
:108550009368013B002B10B4936008DA9469A3423E
:1085600001DB0A2903D15DF8044BFFF718BC13683F
:10857000581C1060197008465DF8044B7047F8B538
:1085800006460F461446D518AC4201D1002007E03C
:1085900014F8011B3A463046FFF7DAFF431CF3D1CB
:1085A000F8BD00002DE9F04F0D469DB014469846E9
:1085B000064618B1036A0BB9FFF7DAFA6B6ED907F2
:1085C00005D4AB899A0502D4A86DFFF7F6FCAB89F8
:1085D0001B0701D52B699BB929463046FFF71EFCC6
:1085E00070B16B6EDC0704D54FF0FF301DB0BDE8F5
:1085F000F08FAB899805F7D4A86DFFF7DFFCF3E7A0
:108600000023099320238DF82930CDF80C803023E6
:10861000DFF8AC818DF82A304FF0010923469A46E5
:1086200013F8012B0AB1252AF9D1BAEB040B0BD0B0
:108630005B46224629463046FFF7A1FF013000F095
:10864000A780099A5A4409929AF80030002B00F04A
:108650009F8000234FF0FF32CDE905230AF1010A84
:10866000049307938DF853301A935446052214F857
:10867000011B5348F7F7B4FD049AD8B9D10644BF9B
:1086800020238DF85330130744BF2B238DF853302C
:108690009AF800302A2B15D0079A544600204FF044
:1086A0000A0C214611F8013B303B092B4BD9B0B1E4
:1086B000079214E0A0EB080309FA03F313430493B1
:1086C000A246D2E7039B191D1B680391002BBBBF79
:1086D0005B4242F0020207930793B8BF04922378EB
:1086E0002E2B0AD163782A2B32D1039B1A1D1B68CB
:1086F000039243EAE37302340593DFF8D4A02178B0
:1087000003225046F7F76CFD38B1049BA0EB0A003A
:108710004022824013430134049314F8011B29487A
:108720008DF828100622F7F75BFD00283FD0264B76
:108730001BBB039B073323F0070308330393099BF9
:108740003B4409936AE70CFB02320C460120A8E780
:1087500000230134059319464FF00A0C204610F807
:10876000012B303A092A03D9002BC6D00591C4E762
:108770000CFB012104460123F0E703AB00932A46DA
:10878000124B04A93046AFF300800746781CD6D1BF
:108790006B6ED90705D4AB899A0502D4A86DFFF793
:1087A0000DFCAB895B063FF51FAF09981EE703ABD5
:1087B00000932A46054B04A9304600F079F8E4E717
:1087C000489700084E970008000000007F850008C9
:1087D000449700082DE9F047164698468A680B69C9
:1087E000DDF820909342B8BF1346336091F84320E0
:1087F00007460C460AB1013333602368990642BF2D
:10880000336802333360256815F0060506D104F19C
:10881000190AE36832689B1AAB4226DC94F84330AD
:108820002268003B18BF012392062BD404F14302B7
:1088300041463846C84701301ED02368226903F0FC
:108840000603042B02BFE5683368ED1AA3680CBF6A
:1088500025EAE57500259342C4BF9B1AED18002652
:108860001A34B5421AD1002008E00123524641468D
:108870003846C847013003D14FF0FF30BDE8F087DC
:108880000135C6E7E1185A1C302081F84300224424
:1088900094F8451082F843100233C7E701232246BB
:1088A00041463846C8470130E6D00136D9E70000D6
:1088B0002DE9FF470F7E0C9E782F914680460C468F
:1088C0009A4601F1430207D8622F0AD8002F00F020
:1088D000D180582F00F0B88004F1420684F842702D
:1088E0003AE0A7F16303152BF6D801A151F823F064
:1088F000498900085D890008D9880008D9880008DE
:10890000D9880008D98800085D890008D98800083E
:10891000D9880008D9880008D98800085B8A00082F
:1089200087890008158A0008D9880008D9880008B6
:108930007D8A0008D988000887890008D98800083E
:10894000D98800081D8A000833681A1D1B68326028
:1089500004F1420684F8423001239CE03368206829
:10896000191D3160060601D51D6803E04506FBD5DB
:10897000B3F90050002D03DA2D236D4284F8433003
:1089800058480A2311E021683368080653F8045B4D
:1089900002D4490648BFADB26F2F5248336014BFAE
:1089A0000A230823002184F843106668A660002E7D
:1089B00005DB21682E4321F0040121604BD01646CF
:1089C000B5FBF3F103FB1157C75D06F8017D2F4698
:1089D000BB420D46F4D9082B0BD12368DF0708D51D
:1089E000236961689942DEBF302306F8013C06F135
:1089F000FF36921B2261CDF800A04B4603AA214608
:108A00004046FFF7E7FE01304AD14FF0FF3004B097
:108A1000BDE8F087236843F02003236032487827BD
:108A200084F84570236831681F0651F8045B02D44E
:108A30005F0648BFADB23160D90744BF43F02003A1
:108A400023601DB11023ADE72648E9E7236823F032
:108A500020032360F6E71646BDE7336825686169A1
:108A6000181D30602E061B6801D5196002E06806EB
:108A7000FBD51980002323611646BCE733681A1D15
:108A800032601E68626800213046F7F7A9FB08B122
:108A9000801B606063682361002384F84330AAE789
:108AA0002369324649464046D0470130ADD023685D
:108AB0009B0713D4E068039B9842B8BF1846A6E70B
:108AC0000123324649464046D04701309DD001350A
:108AD000E36803995B1AAB42F2DCEBE7002504F193
:108AE0001906F5E755970008669700082DE9F84341
:108AF00015468A6880460C4632B98A69002A14BF36
:108B00004FF0FF3201228A602268DFF89090D10690
:108B10005FBF1A68111D196016680027A06988B127
:108B2000012807D12B681A7863699B5C53B9002F21
:108B300031D022E0022820D12B681B7819F80330AD
:108B40001B071AD42368DA065EBF2B681B7806F869
:108B5000013B2A686B6801322A60A268013B013A36
:108B60006B600137A26042B1002BD7DCD4F88031B2
:108B70002946404698470028D0D0236813F01003B8
:108B800005D1E2680132E260A26902B13370236963
:108B90003B4423610020BDE8F88300BF93970008A1
:108BA0002DE9F04F9846744B0C468246164693E8E2
:108BB000070087B003AB83E80700704BA169704AD8
:108BC000032908BF1A46A36801925A1EB2F5AE7F68
:108BD00088BF6FF4AE75274682BF03EB050940F2EC
:108BE0005D13A36057F81C3B43F4506398BF4FF0EC
:108BF000000923603D464FF0000B316803AB097854
:108C000053F82B000222F7F7EBFA28B3BBF1010F60
:108C100059D162682AB92268082142F40072616061
:108C20002260226822F4A0622260A268511EA16024
:108C300092B13268511C3160127805F8012B7268CC
:108C4000013A002A726007DCD4F880213146504690
:108C50009047002840F085800BF1010BBBF1030F1A
:108C6000CBD163680BB90A236360636845496069C7
:108C7000C91A00F097F94FF0000BA3682268002B87
:108C80003DD03168606991F800C010F80C000028F0
:108C900035D0BCF1300F24D1100522D50BF1010BDA
:108CA000B9F1000F03D0013309F1FF39A3607368F4
:108CB000013B002B73601BDD336801333360A36815
:108CC000013BA360D9E7BBF1020FAED1226802F4E9
:108CD000C061B1F5007FC4D11021616042F480729F
:108CE000A2E722F4106222600B7805F8013BDEE770
:108CF000D4F880313146504698470028DFD02368A9
:108D0000D9050DD5BD4209D915F8011CD4F87C311F
:108D100032465046984705F1FF394D46BD4228D0AE
:108D2000226812F0100213D12A706368019E39463E
:108D30005046B047D8F8003021681A1DC8F8002006
:108D400011F0200F1B680FD01860E3680133E36057
:108D50002369ED1B5D442B442361002007B0BDE86F
:108D6000F08F4FF0000BCAE7CA074CBF188018609D
:108D7000EBE70120F2E700BFF09600085D920008E3
:108D80003D93000887970008B1F90C202DE9F041C8
:108D9000160705460C4654D44B68002B02DC0B6CBE
:108DA000002B48DDE66A002E45D0002312F48052E5
:108DB0002F68216A2B6030D0626DA389590705D5D1
:108DC0006368D21A636B0BB1236CD21A0023E66A74
:108DD000216A2846B047431CA38906D129681D296A
:108DE0002BD82A4ACA40D60727D500226260D90468
:108DF0002269226004D5421C01D12B6803B9606549
:108E0000616B2F60B9B104F14403994202D0284646
:108E1000FFF7D6F8002363630DE001232846B0472F
:108E20000246501CC9D12B68002BC6D01D2B01D087
:108E3000162B1ED12F60002022E043F040031BB20E
:108E40001BE00F69002FF6D093070E6808BF4B692F
:108E50000F6018BF0023A6EB07088B60B8F1000F66
:108E6000E9DD216AA66A43463A462846B04700280B
:108E700008DCB4F90C3043F04003A3814FF0FF301D
:108E8000BDE8F0810744A8EB0008E7E701004020B7
:108E900038B50B6905460C4613B90025284638BD80
:108EA00018B1036A0BB9FEF763FEB4F90C30002B5E
:108EB000F3D0626ED00704D4990502D4A06DFFF7F9
:108EC0007CF828462146FFF75FFF636EDA07054608
:108ED000E4D4A3899B05E1D4A06DFFF76FF8DDE72B
:108EE00070B50C46B1F90E10002996B015461E4615
:108EF0000DDAA38913F0800F4FF0000114BF402357
:108F00004FF48063002031602B6016B070BD6A465C
:108F100000F0BCF80028ECDB019901F47041A1F5E8
:108F20000053594259414FF48063EBE78B89F7B501
:108F30009D0706460C4607D504F1470323602361CD
:108F40000123636103B0F0BD01AB6A46FFF7C8FFC0
:108F5000009F054639463046FFF79EF848B9B4F9F8
:108F60000C309A05EED423F0030343F00203A381EF
:108F7000E2E7A389206043F08003A381019BC4E959
:108F800004075BB1B4F90E10304600F091F828B137
:108F9000A38923F0030343F00103A381A3891D43A5
:108FA000A581CFE770B50B7804465E2B0BBF4B78DD
:108FB0004A1C8A1C002108BF0121013804F1FF0569
:108FC00000F8011FA842FBD10BB9501E70BD81F003
:108FD0000101E1541046024612F8015B2D2D05D027
:108FE0005D2D16D0002DF1D02B46F2E746785D2E90
:108FF000FAD0B342F8DC02301A4601329642A1544C
:10900000FBDCF21A013A5D1CB342A8BF0022AB1888
:10901000E1E71046DAE72DE9F0410C46496B04F12F
:10902000440399421DD14FF48061FFF735F818B918
:109030004FF0FF30BDE8F0814FF48063A36394F8F4
:109040004630606380F8FF3394F8453080F8FE3393
:1090500094F8443080F8FD3300F2FD3020600020A9
:10906000E8E7A66B77003A4600F050F8054600287E
:10907000DED000EB060801463246404600F038F8E4
:10908000C4E90D57C4F80080E9E7000038B5074D82
:1090900000230446084611462B60F8F736F9431CB6
:1090A00002D12B6803B1236038BD00BF94030020B8
:1090B00038B5064D0023044608462B60F8F735F90D
:1090C000431C02D12B6803B1236038BD94030020F8
:1090D00038B5064D0023044608462B60F8F73EF9E4
:1090E000431C02D12B6803B1236038BD94030020D8
:1090F0000A44914200F1FF3300D1704710B511F8D6
:10910000014B03F8014F9142F9D110BD2DE9F04117
:10911000074614460D4621B9BDE8F0411146FEF759
:10912000BBBF2AB9FEF74CFF25462846BDE8F081B3
:1091300000F006F98442064602D8B4EB500FF4D88A
:1091400021463846FEF7A8FF804608B94546ECE7B9
:10915000B4422246294628BF3246FFF7C9FF2946B6
:109160003846FEF72DFFF1E7242B2DE9F047864620
:10917000904601D8012B06D1FEF7F4FE16230360BA
:109180000020BDE8F08734480D462A4615F8014B0B
:10919000065D16F00806F8D12D2C10D12C7801268A
:1091A000951C33F0100215D1302C0DD12A7802F025
:1091B000DF02582A08D16C78023510230AE02B2CE4
:1091C00004BF2C78951CECE7002BF6D1302C14BF93
:1091D0000A23082306F1004C0CF1FF3C0022BCFBE3
:1091E000F3F9104603FB19CAA4F13007092F0FD871
:1091F0003C46A3421BDD571C07D0814514D301D147
:10920000A24511DB00FB0340012215F8014BEBE7FF
:10921000A4F14107192F01D8373CEAE7A4F161070F
:10922000192F04D8573CE4E74FF0FF32EDE7531C09
:1092300008D12223CEF800306046B8F1000FA0D04C
:10924000691E06E006B14042B8F1000F99D0002A2D
:10925000F6D1C8F8001094E793970008FFF784BF91
:109260002DE9F043344E86460D46284615F8014B4D
:10927000375D17F00807F8D12D2C10D12C78012775
:10928000851C33F0100015D1302C0DD1287800F05A
:10929000DF00582808D16C78023510230AE02B2C07
:1092A00004BF2C78851CECE7002BF6D1302C14BFC2
:1092B0000A2308234FF0FF380026B8FBF3F803FB1E
:1092C00008F96FEA09093046A4F1300CBCF1090F26
:1092D00010D86446A3421EDDB6F1FF3F07D080459B
:1092E00016D301D1A14513DB00FB0340012615F87D
:1092F000014BE9E7A4F1410CBCF1190F01D8373C4F
:10930000E8E7A4F1610CBCF1190F04D8573CE1E780
:109310004FF0FF36EBE7731C06D12223CEF8003066
:10932000304632B9BDE8F08307B14042002AF9D097
:1093300006B1691E1160F5E793970008FFF790BF2B
:1093400051F8043C181F002BBCBF0B58C0187047C5
:10935000F8B500BFF8BC08BC9E467047F8B500BF22
:08936000F8BC08BC9E467047F2
:109368000D0A2D2D2D20494E494349414E444F2089
:109378005445535420435255444F20493243202DDD
:109388002D2D0D003E3E3E204932433120285042CB
:10939800362F50423729205649564F203C3C3C2016
:1093A800416E67756C6F3A2025640D0A0000000055
:1093B80049324331204D554552544F2E20436F6456
:1093C80069676F206572726F722048414C3A202598
:1093D8006C750D0A000000003E3E3E2049324333C2
:1093E80020285041372F50423429205649564F20C3
:1093F8003C3C3C20416E67756C6F3A2025640D0A31
:109408000000000049324333204D554552544F2E39
:1094180020436F6469676F206572726F72204841DC
:109428004C3A20256C750D0A000000002D2D2D2DBD
:109438002D2D2D2D2D2D2D2D2D2D2D2D2D2D2D2D54
:109448002D2D2D2D2D2D2D2D2D2D2D2D0D000000EB
:1094580056313A256400000056323A25640000006F
:1094680042313A25642042323A25642042333A2573
:10947800642042343A25642053753A2564204531E6
:109488003A25642045323A256420494E533A256CE2
:109498006420544F523A256C640D0A002E2E2F4436
:1094A8007269766572732F53544D33324C34787821
:1094B8005F48414C5F4472697665722F5372632F1F
:1094C80073746D33326C3478785F68616C5F636F86
:1094D800727465782E6300002E2E2F4472697665AB
:1094E80072732F53544D33324C3478785F48414C63
:1094F8005F4472697665722F5372632F73746D338C
:10950800326C3478785F68616C5F6770696F2E635E
:10951800000000002E2E2F447269766572732F5357
:10952800544D33324C3478785F48414C5F4472690B
:109538007665722F5372632F73746D33326C34787F
:10954800785F68616C5F6932632E63002E2E2F444A
:109558007269766572732F53544D33324C34787870
:109568005F48414C5F4472697665722F5372632F6E
:1095780073746D33326C3478785F68616C5F69320C
:10958800635F65782E6300002E2E2F44726976651E
:1095980072732F53544D33324C3478785F48414CB2
:1095A8005F4472697665722F5372632F73746D33DB
:1095B800326C3478785F68616C5F7077725F657859
:1095C8002E6300002E2E2F447269766572732F5316
:1095D800544D33324C3478785F48414C5F4472695B
:1095E8007665722F5372632F73746D33326C3478CF
:1095F800785F68616C5F7263632E63002E2E2F4460
:109608007269766572732F53544D33324C347878BF
:109618005F48414C5F4472697665722F5372632FBD
:1096280073746D33326C3478785F68616C5F726321
:10963800635F65782E6300002E2E2F44726976656D
:1096480072732F53544D33324C3478785F48414C01
:109658005F4472697665722F5372632F73746D332A
:10966800326C3478785F68616C5F74696D2E630062
:109678002E2E2F447269766572732F53544D3332F0
:109688004C3478785F48414C5F4472697665722F34
:109698005372632F73746D33326C3478785F6861FA
:1096A8006C5F74696D5F65782E6300002E2E2F4401
:1096B8007269766572732F53544D33324C3478780F
:1096C8005F48414C5F4472697665722F5372632F0D
:1096D80073746D33326C3478785F68616C5F756170
:1096E80072742E6300000000899700088C970008A8
:1096F8008F9700080000000000000000010203042A
:10970800060708090000000001020304A086010002
:10971800400D0300801A060000350C0040420F007F
:1097280080841E0000093D0000127A000024F40025
:1097380000366E010048E801006CDC02686C4C00E1
:10974800232D302B200065666745464700303132AF
:109758003334353637383941424344454600303191
:1097680032333435363738396162636465660041AF
:109778002D46612D66383930313233343536375D10
:10978800002B2D00303000785800002020202020A9
:109798002020202028282828282020202020202099
:1097A8002020202020202020202020881010101089
:1097B80010101010101010101010100404040404DD
:1097C8000404040404101010101010104141414109
:1097D80041410101010101010101010101010101F1
:1097E8000101010101011010101010104242424203
:1097F80042420202020202020202020202020202C1
:1098080002020202020210101010200000000000E4
:109818000000000000000000000000000000000040
:109828000000000000000000000000000000000030
:109838000000000000000000000000000000000020
:109848000000000000000000000000000000000010
:109858000000000000000000000000000000000000
:1098680000000000000000000000000000000000F0
:1098780000000000000000000000000000000000E0
:0C988800000000000000000000000000D4
:089894003C69FF7F01000000A8
:04989C00B50100080A
:0498A000910100082A
:1098A40000093D001000000001000000000000005D
:1098B40003000000580200201C00002000000000EB
:1098C40058020020C00200202803002000000000ED
:1098D4000000000000000000000000000000000084
:1098E4000000000000000000000000000000000074
:1098F4000000000000000000000000000000000064
:0899040000000000000000005B
:04000005080016D900
:00000001FF
